symbol,date,high,low,close,volume,open,dividends,splits
AAPL,2020-06-12 09:30:00,86.94999694824219,85.58000183105469,85.58499908447266,10076449.0,86.18000030517578,0.0,0.0
AAPL,2020-06-12 10:30:00,85.69750213623047,83.80000305175781,84.44000244140625,8242616.0,85.58255004882812,0.0,0.0
AAPL,2020-06-12 11:30:00,85.86250305175781,84.29000091552734,85.35250091552734,6560898.0,84.44249725341797,0.0,0.0
AAPL,2020-06-12 12:30:00,85.3874740600586,84.43499755859375,84.5374984741211,4215870.0,85.3324966430664,0.0,0.0
AAPL,2020-06-12 13:30:00,84.64497375488281,83.55582427978516,84.21487426757812,6350916.0,84.53250122070312,0.0,0.0
AAPL,2020-06-12 14:30:00,85.0,84.15499877929688,84.24500274658203,6305516.0,84.22785186767578,0.0,0.0
AAPL,2020-06-12 15:30:00,85.25,84.05500030517578,84.63249969482422,4364777.0,84.24250030517578,0.0,0.0
AAPL,2020-06-15 09:30:00,84.41124725341797,83.1449966430664,83.87999725341797,7867402.0,83.3125,0.0,0.0
AAPL,2020-06-15 10:30:00,84.44999694824219,83.5999984741211,84.30500030517578,4428346.0,83.875,0.0,0.0
AAPL,2020-06-15 11:30:00,84.97624969482422,84.15499877929688,84.84500122070312,3921611.0,84.2925033569336,0.0,0.0
AAPL,2020-06-15 12:30:00,85.15247344970703,84.7125015258789,84.9000015258789,2935243.0,84.84500122070312,0.0,0.0
AAPL,2020-06-15 13:30:00,86.16999816894531,84.87249755859375,86.05249786376953,4562440.0,84.89250183105469,0.0,0.0
AAPL,2020-06-15 14:30:00,86.19999694824219,85.55500030517578,85.63749694824219,3978550.0,86.05249786376953,0.0,0.0
AAPL,2020-06-15 15:30:00,86.41999816894531,85.29750061035156,85.76750183105469,4133904.0,85.6429214477539,0.0,0.0
AAPL,2020-06-16 09:30:00,88.2550277709961,87.26249694824219,87.95249938964844,10051867.0,87.86499786376953,0.0,0.0
AAPL,2020-06-16 10:30:00,88.14250183105469,86.18000030517578,87.375,7749186.0,87.9625015258789,0.0,0.0
AAPL,2020-06-16 11:30:00,87.90499877929688,87.26499938964844,87.63999938964844,4088881.0,87.40249633789062,0.0,0.0
AAPL,2020-06-16 12:30:00,88.0,87.61499786376953,87.94750213623047,3879508.0,87.62999725341797,0.0,0.0
AAPL,2020-06-16 13:30:00,88.30000305175781,87.68250274658203,88.04499816894531,4591836.0,87.92749786376953,0.0,0.0
AAPL,2020-06-16 14:30:00,88.23750305175781,87.2925033569336,87.5999984741211,3925792.0,88.04125213623047,0.0,0.0
AAPL,2020-06-16 15:30:00,88.08000183105469,87.4519271850586,88.05000305175781,3783402.0,87.52249908447266,0.0,0.0
AAPL,2020-06-17 09:30:00,88.8499984741211,88.0824966430664,88.2925033569336,8571300.0,88.7874984741211,0.0,0.0
AAPL,2020-06-17 10:30:00,88.67250061035156,88.15595245361328,88.37999725341797,3320778.0,88.31124877929688,0.0,0.0
AAPL,2020-06-17 11:30:00,88.77249908447266,88.27999877929688,88.60099792480469,3027098.0,88.37999725341797,0.0,0.0
AAPL,2020-06-17 12:30:00,88.80000305175781,88.58499908447266,88.73124694824219,2256520.0,88.59750366210938,0.0,0.0
AAPL,2020-06-17 13:30:00,88.8125,88.55999755859375,88.70249938964844,2199442.0,88.7300033569336,0.0,0.0
AAPL,2020-06-17 14:30:00,88.7699966430664,88.02002716064453,88.13999938964844,3225810.0,88.69999694824219,0.0,0.0
AAPL,2020-06-17 15:30:00,88.3125,87.77249908447266,87.85275268554688,3418607.0,88.14250183105469,0.0,0.0
AAPL,2020-06-18 09:30:00,88.25749969482422,87.71499633789062,87.8550033569336,5846547.0,87.85250091552734,0.0,0.0
AAPL,2020-06-18 10:30:00,88.3550033569336,87.58000183105469,88.16427612304688,4019076.0,87.8550033569336,0.0,0.0
AAPL,2020-06-18 11:30:00,88.208251953125,87.83999633789062,88.03250122070312,2209813.0,88.1624984741211,0.0,0.0
AAPL,2020-06-18 12:30:00,88.10749816894531,87.82499694824219,87.9124984741211,1765992.0,88.03250122070312,0.0,0.0
AAPL,2020-06-18 13:30:00,88.07749938964844,87.62999725341797,87.69584655761719,1970102.0,87.91000366210938,0.0,0.0
AAPL,2020-06-18 14:30:00,87.81500244140625,87.30500030517578,87.57749938964844,3288566.0,87.69249725341797,0.0,0.0
AAPL,2020-06-18 15:30:00,88.02749633789062,87.49500274658203,87.89749908447266,2826031.0,87.57125091552734,0.0,0.0
AAPL,2020-06-19 09:30:00,89.13999938964844,88.52999877929688,88.66987609863281,11439393.0,88.65875244140625,0.0,0.0
AAPL,2020-06-19 10:30:00,88.76750183105469,88.31500244140625,88.42749786376953,3667281.0,88.66999816894531,0.0,0.0
AAPL,2020-06-19 11:30:00,88.45852661132812,87.02999877929688,87.40125274658203,6894640.0,88.41999816894531,0.0,0.0
AAPL,2020-06-19 12:30:00,87.79000091552734,87.14005279541016,87.17250061035156,4811757.0,87.3949966430664,0.0,0.0
AAPL,2020-06-19 13:30:00,87.32242584228516,86.42250061035156,86.44999694824219,6326492.0,87.16874694824219,0.0,0.0
AAPL,2020-06-19 14:30:00,87.2125015258789,86.2874984741211,86.94000244140625,6692257.0,86.45375061035156,0.0,0.0
AAPL,2020-06-19 15:30:00,87.58000183105469,86.77999877929688,87.37750244140625,6780099.0,86.94000244140625,0.0,0.0
AAPL,2020-06-22 09:30:00,89.05249786376953,87.7874984741211,88.72750091552734,8174048.0,87.83499908447266,0.0,0.0
AAPL,2020-06-22 10:30:00,88.88249969482422,88.46749877929688,88.83499908447266,3359602.0,88.73249816894531,0.0,0.0
AAPL,2020-06-22 11:30:00,89.35250091552734,88.7699966430664,89.29732513427734,3648925.0,88.84500122070312,0.0,0.0
AAPL,2020-06-22 12:30:00,89.41999816894531,89.10749816894531,89.31999969482422,3132529.0,89.2925033569336,0.0,0.0
AAPL,2020-06-22 13:30:00,89.38500213623047,89.1050033569336,89.36497497558594,3290448.0,89.31997680664062,0.0,0.0
AAPL,2020-06-22 14:30:00,89.80500030517578,89.30999755859375,89.42749786376953,5975388.0,89.36624908447266,0.0,0.0
AAPL,2020-06-22 15:30:00,89.86499786376953,89.37000274658203,89.72250366210938,3460144.0,89.42749786376953,0.0,0.0
AAPL,2020-06-23 09:30:00,91.5250015258789,90.5675277709961,91.45500183105469,11118779.0,91.0,0.0,0.0
AAPL,2020-06-23 10:30:00,91.67250061035156,91.2300033569336,91.59500122070312,5625074.0,91.42250061035156,0.0,0.0
AAPL,2020-06-23 11:30:00,92.34500122070312,91.77249908447266,92.31749725341797,6260669.0,91.77874755859375,0.0,0.0
AAPL,2020-06-23 12:30:00,92.8499984741211,92.2925033569336,92.8438720703125,6787671.0,92.32062530517578,0.0,0.0
AAPL,2020-06-23 13:30:00,93.09500122070312,92.25,92.52950286865234,8531003.0,92.8499984741211,0.0,0.0
AAPL,2020-06-23 14:30:00,92.75499725341797,91.70249938964844,91.74749755859375,6678951.0,92.53099822998047,0.0,0.0
AAPL,2020-06-23 15:30:00,91.98750305175781,91.50749969482422,91.59249877929688,5542921.0,91.73249816894531,0.0,0.0
AAPL,2020-06-24 09:30:00,92.19750213623047,90.56999969482422,91.29750061035156,12046282.0,91.25,0.0,0.0
AAPL,2020-06-24 10:30:00,91.30249786376953,90.11499786376953,90.48249816894531,7721705.0,91.2874984741211,0.0,0.0
AAPL,2020-06-24 11:30:00,90.54750061035156,89.63249969482422,90.3949966430664,6526157.0,90.48249816894531,0.0,0.0
AAPL,2020-06-24 12:30:00,90.95562744140625,90.11250305175781,90.5,5242116.0,90.395751953125,0.0,0.0
AAPL,2020-06-24 13:30:00,90.55000305175781,89.82252502441406,90.43499755859375,4867147.0,90.49500274658203,0.0,0.0
AAPL,2020-06-24 14:30:00,90.59249877929688,89.91752624511719,90.30500030517578,5149888.0,90.4310531616211,0.0,0.0
AAPL,2020-06-24 15:30:00,90.47250366210938,89.875,90.00749969482422,3860537.0,90.3062515258789,0.0,0.0
AAPL,2020-06-25 09:30:00,90.80374908447266,89.39250183105469,90.63249969482422,9545702.0,90.17500305175781,0.0,0.0
AAPL,2020-06-25 10:30:00,90.71749877929688,89.9000015258789,90.39250183105469,4898410.0,90.63500213623047,0.0,0.0
AAPL,2020-06-25 11:30:00,91.00499725341797,90.05500030517578,90.71499633789062,4409968.0,90.4000015258789,0.0,0.0
AAPL,2020-06-25 12:30:00,90.86750030517578,90.30999755859375,90.52874755859375,2880016.0,90.71499633789062,0.0,0.0
AAPL,2020-06-25 13:30:00,90.73497772216797,90.11750030517578,90.27749633789062,2325362.0,90.5250015258789,0.0,0.0
AAPL,2020-06-25 14:30:00,90.88249969482422,90.0,90.79499816894531,4637591.0,90.27249908447266,0.0,0.0
AAPL,2020-06-25 15:30:00,91.25,90.604248046875,91.2125015258789,3634486.0,90.79499816894531,0.0,0.0
AAPL,2020-06-26 09:30:00,91.33000183105469,88.79499816894531,89.40499877929688,9657781.0,91.10250091552734,0.0,0.0
AAPL,2020-06-26 10:30:00,89.95999908447266,88.76260375976562,89.74749755859375,6560142.0,89.41500091552734,0.0,0.0
AAPL,2020-06-26 11:30:00,90.3499984741211,89.26499938964844,89.5625,4795744.0,89.76499938964844,0.0,0.0
AAPL,2020-06-26 12:30:00,90.04750061035156,89.20999908447266,89.94999694824219,4909648.0,89.55750274658203,0.0,0.0
AAPL,2020-06-26 13:30:00,89.9749984741211,89.06500244140625,89.15249633789062,4173104.0,89.9625015258789,0.0,0.0
AAPL,2020-06-26 14:30:00,89.28500366210938,88.76750183105469,89.0124740600586,4424081.0,89.1500015258789,0.0,0.0
AAPL,2020-06-26 15:30:00,89.4749984741211,88.25499725341797,88.42250061035156,6931167.0,89.0,0.0,0.0
AAPL,2020-06-29 09:30:00,89.37999725341797,87.81999969482422,89.30249786376953,8955346.0,88.3125,0.0,0.0
AAPL,2020-06-29 10:30:00,89.96499633789062,89.19999694824219,89.91744995117188,4733992.0,89.30750274658203,0.0,0.0
AAPL,2020-06-29 11:30:00,90.31612396240234,89.86250305175781,90.29857635498047,4059912.0,89.92749786376953,0.0,0.0
AAPL,2020-06-29 12:30:00,90.54340362548828,89.98750305175781,90.04395294189453,2958195.0,90.30500030517578,0.0,0.0
AAPL,2020-06-29 13:30:00,90.4499740600586,89.97750091552734,90.13249969482422,2296096.0,90.03250122070312,0.0,0.0
AAPL,2020-06-29 14:30:00,90.16744995117188,89.62999725341797,89.96749877929688,3085138.0,90.11750030517578,0.0,0.0
AAPL,2020-06-29 15:30:00,90.50749969482422,89.72250366210938,90.5,3259402.0,89.96499633789062,0.0,0.0
AAPL,2020-06-30 09:30:00,91.27999877929688,90.0,91.05249786376953,7759611.0,90.0199966430664,0.0,0.0
AAPL,2020-06-30 10:30:00,91.47000122070312,90.88762664794922,91.29499816894531,3993614.0,91.0425033569336,0.0,0.0
AAPL,2020-06-30 11:30:00,91.39250183105469,91.05400085449219,91.21587371826172,2701294.0,91.28500366210938,0.0,0.0
AAPL,2020-06-30 12:30:00,91.27749633789062,90.43250274658203,90.79125213623047,3350733.0,91.2125015258789,0.0,0.0
AAPL,2020-06-30 13:30:00,90.85250091552734,90.29499816894531,90.64865112304688,3121114.0,90.7925033569336,0.0,0.0
AAPL,2020-06-30 14:30:00,90.96499633789062,90.51249694824219,90.89749908447266,3160080.0,90.64749908447266,0.0,0.0
AAPL,2020-06-30 15:30:00,91.49500274658203,90.8324966430664,91.13749694824219,4885751.0,90.90249633789062,0.0,0.0
AAPL,2020-07-01 09:30:00,91.81999969482422,91.1500015258789,91.5824966430664,6412487.0,91.27999877929688,0.0,0.0
AAPL,2020-07-01 10:30:00,91.80249786376953,91.41000366210938,91.57749938964844,4102901.0,91.58499908447266,0.0,0.0
AAPL,2020-07-01 11:30:00,91.72250366210938,91.48999786376953,91.55500030517578,2268995.0,91.5824966430664,0.0,0.0
AAPL,2020-07-01 12:30:00,91.83999633789062,91.38502502441406,91.48002624511719,2786430.0,91.55500030517578,0.0,0.0
AAPL,2020-07-01 13:30:00,91.72000122070312,91.3375015258789,91.4124755859375,2555084.0,91.48497772216797,0.0,0.0
AAPL,2020-07-01 14:30:00,91.54000091552734,90.97750091552734,91.13500213623047,4537382.0,91.40750122070312,0.0,0.0
AAPL,2020-07-01 15:30:00,91.42500305175781,91.0,91.00250244140625,2913630.0,91.1362533569336,0.0,0.0
AAPL,2020-07-02 09:30:00,92.61750030517578,91.375,91.54000091552734,9335216.0,91.9625015258789,0.0,0.0
AAPL,2020-07-02 10:30:00,92.0199966430664,91.47250366210938,91.58875274658203,4087325.0,91.53624725341797,0.0,0.0
AAPL,2020-07-02 11:30:00,92.01497650146484,91.45249938964844,91.94750213623047,2726122.0,91.5999984741211,0.0,0.0
AAPL,2020-07-02 12:30:00,91.96499633789062,91.61250305175781,91.6449966430664,2066683.0,91.94750213623047,0.0,0.0
AAPL,2020-07-02 13:30:00,91.74250030517578,91.53500366210938,91.73500061035156,1840420.0,91.64250183105469,0.0,0.0
AAPL,2020-07-02 14:30:00,91.82749938964844,91.55249786376953,91.64244842529297,2145578.0,91.73750305175781,0.0,0.0
AAPL,2020-07-02 15:30:00,91.75,90.91000366210938,91.02999877929688,3482054.0,91.64749908447266,0.0,0.0
AAPL,2020-07-06 09:30:00,93.4749984741211,92.46749877929688,93.29139709472656,8682454.0,92.5,0.0,0.0
AAPL,2020-07-06 10:30:00,93.88999938964844,93.25250244140625,93.80750274658203,4598726.0,93.29000091552734,0.0,0.0
AAPL,2020-07-06 11:30:00,93.94499969482422,93.32749938964844,93.4000015258789,3328793.0,93.80999755859375,0.0,0.0
AAPL,2020-07-06 12:30:00,93.69999694824219,93.30750274658203,93.45249938964844,2145184.0,93.4000015258789,0.0,0.0
AAPL,2020-07-06 13:30:00,93.54747772216797,92.98999786376953,93.19249725341797,2281248.0,93.4625015258789,0.0,0.0
AAPL,2020-07-06 14:30:00,93.37750244140625,93.00250244140625,93.32624816894531,2489443.0,93.18450164794922,0.0,0.0
AAPL,2020-07-06 15:30:00,93.60250091552734,93.32250213623047,93.4625015258789,2792354.0,93.32250213623047,0.0,0.0
AAPL,2020-07-07 09:30:00,94.65499877929688,93.5,94.62249755859375,7251361.0,93.75250244140625,0.0,0.0
AAPL,2020-07-07 10:30:00,94.625,94.17250061035156,94.6050033569336,3420572.0,94.625,0.0,0.0
AAPL,2020-07-07 11:30:00,94.61250305175781,93.85749816894531,94.22000122070312,3320938.0,94.40249633789062,0.0,0.0
AAPL,2020-07-07 12:30:00,94.26499938964844,93.79750061035156,94.0425033569336,2238470.0,94.22000122070312,0.0,0.0
AAPL,2020-07-07 13:30:00,94.19000244140625,93.77249908447266,93.86499786376953,2163131.0,94.04125213623047,0.0,0.0
AAPL,2020-07-07 14:30:00,93.89375305175781,93.60250091552734,93.73750305175781,3076607.0,93.85749816894531,0.0,0.0
AAPL,2020-07-07 15:30:00,93.9375,93.05750274658203,93.1675033569336,3305019.0,93.74500274658203,0.0,0.0
AAPL,2020-07-08 09:30:00,95.22000122070312,94.08999633789062,94.56749725341797,8251665.0,94.18000030517578,0.0,0.0
AAPL,2020-07-08 10:30:00,95.16177368164062,94.1675033569336,94.59380340576172,4825647.0,94.5625,0.0,0.0
AAPL,2020-07-08 11:30:00,95.09249877929688,94.54000091552734,94.93250274658203,2910801.0,94.6050033569336,0.0,0.0
AAPL,2020-07-08 12:30:00,95.09249877929688,94.63500213623047,94.78500366210938,2206414.0,94.93250274658203,0.0,0.0
AAPL,2020-07-08 13:30:00,94.9625015258789,94.47750091552734,94.91999816894531,2224735.0,94.78250122070312,0.0,0.0
AAPL,2020-07-08 14:30:00,95.1449966430664,94.71499633789062,95.07749938964844,2648437.0,94.93207550048828,0.0,0.0
AAPL,2020-07-08 15:30:00,95.375,94.87752532958984,95.36000061035156,3113652.0,95.07749938964844,0.0,0.0
AAPL,2020-07-09 09:30:00,98.47750091552734,95.57499694824219,96.06749725341797,7766846.0,96.26249694824219,0.0,0.0
AAPL,2020-07-09 10:30:00,96.13642120361328,94.67250061035156,95.11000061035156,5946564.0,96.07875061035156,0.0,0.0
AAPL,2020-07-09 11:30:00,95.74500274658203,94.95984649658203,95.60652160644531,3373614.0,95.125,0.0,0.0
AAPL,2020-07-09 12:30:00,95.875,95.51122283935547,95.7074966430664,2396026.0,95.59249877929688,0.0,0.0
AAPL,2020-07-09 13:30:00,95.7874984741211,95.2874984741211,95.65499877929688,2571014.0,95.7249984741211,0.0,0.0
AAPL,2020-07-09 14:30:00,96.03500366210938,95.21499633789062,95.25,3364273.0,95.65750122070312,0.0,0.0
AAPL,2020-07-09 15:30:00,95.82499694824219,95.0,95.6624984741211,4045128.0,95.2562255859375,0.0,0.0
AAPL,2020-07-10 09:30:00,95.78500366210938,94.7051773071289,95.45999908447266,7019869.0,95.56855010986328,0.0,0.0
AAPL,2020-07-10 10:30:00,95.51249694824219,95.12000274658203,95.42375183105469,2684500.0,95.45050048828125,0.0,0.0
AAPL,2020-07-10 11:30:00,95.63249969482422,95.2249984741211,95.25395202636719,2247743.0,95.42250061035156,0.0,0.0
AAPL,2020-07-10 12:30:00,95.49500274658203,95.10749816894531,95.45874786376953,1877361.0,95.25749969482422,0.0,0.0
AAPL,2020-07-10 13:30:00,95.47250366210938,95.24749755859375,95.37249755859375,1706807.0,95.4625015258789,0.0,0.0
AAPL,2020-07-10 14:30:00,95.84750366210938,95.33499908447266,95.7925033569336,2556048.0,95.37249755859375,0.0,0.0
AAPL,2020-07-10 15:30:00,95.9800033569336,95.72000122070312,95.87999725341797,2553526.0,95.79000091552734,0.0,0.0
AAPL,2020-07-13 09:30:00,99.65499877929688,97.0875244140625,99.63999938964844,11540694.0,97.18000030517578,0.0,0.0
AAPL,2020-07-13 10:30:00,99.95500183105469,99.2300033569336,99.89875030517578,6394750.0,99.6373519897461,0.0,0.0
AAPL,2020-07-13 11:30:00,99.90499877929688,99.22750091552734,99.42749786376953,3850415.0,99.9000015258789,0.0,0.0
AAPL,2020-07-13 12:30:00,99.55999755859375,98.68250274658203,99.09249877929688,3847182.0,99.44249725341797,0.0,0.0
AAPL,2020-07-13 13:30:00,99.14749908447266,97.2249984741211,97.29750061035156,5221933.0,99.09750366210938,0.0,0.0
AAPL,2020-07-13 14:30:00,97.8550033569336,96.40249633789062,96.48500061035156,7120239.0,97.30249786376953,0.0,0.0
AAPL,2020-07-13 15:30:00,96.61000061035156,95.25749969482422,95.47750091552734,5919163.0,96.48374938964844,0.0,0.0
AAPL,2020-07-14 09:30:00,96.61250305175781,93.87750244140625,94.78250122070312,13639305.0,94.83999633789062,0.0,0.0
AAPL,2020-07-14 10:30:00,95.4375,94.50767517089844,95.25499725341797,5607882.0,94.78375244140625,0.0,0.0
AAPL,2020-07-14 11:30:00,96.08000183105469,95.08000183105469,95.63749694824219,3885247.0,95.25,0.0,0.0
AAPL,2020-07-14 12:30:00,95.91500091552734,95.00499725341797,95.44499969482422,2323115.0,95.64125061035156,0.0,0.0
AAPL,2020-07-14 13:30:00,96.73500061035156,95.42749786376953,96.62252807617188,4120945.0,95.44999694824219,0.0,0.0
AAPL,2020-07-14 14:30:00,96.86750030517578,95.71749877929688,96.4456787109375,5035992.0,96.63749694824219,0.0,0.0
AAPL,2020-07-14 15:30:00,97.25499725341797,96.31500244140625,97.05249786376953,4367702.0,96.44999694824219,0.0,0.0
AAPL,2020-07-15 09:30:00,99.24749755859375,98.0875015258789,98.72994995117188,9984377.0,98.94249725341797,0.0,0.0
AAPL,2020-07-15 10:30:00,98.80000305175781,96.84500122070312,97.5999984741211,7933380.0,98.72250366210938,0.0,0.0
AAPL,2020-07-15 11:30:00,97.71499633789062,96.48999786376953,97.21327209472656,5661063.0,97.59500122070312,0.0,0.0
AAPL,2020-07-15 12:30:00,97.8375015258789,96.8499984741211,97.5199966430664,3590303.0,97.21499633789062,0.0,0.0
AAPL,2020-07-15 13:30:00,97.95747375488281,97.26750183105469,97.80500030517578,2903109.0,97.5250015258789,0.0,0.0
AAPL,2020-07-15 14:30:00,97.91999816894531,96.97750091552734,97.58000183105469,3512901.0,97.78064727783203,0.0,0.0
AAPL,2020-07-15 15:30:00,97.9175033569336,97.47000122070312,97.72750091552734,2860105.0,97.56749725341797,0.0,0.0
AAPL,2020-07-16 09:30:00,97.40499877929688,96.16502380371094,96.57499694824219,7306483.0,97.2550277709961,0.0,0.0
AAPL,2020-07-16 10:30:00,96.91960144042969,95.94999694824219,96.2074966430664,4412636.0,96.55249786376953,0.0,0.0
AAPL,2020-07-16 11:30:00,96.37249755859375,95.90499877929688,96.05500030517578,3096196.0,96.19750213623047,0.0,0.0
AAPL,2020-07-16 12:30:00,96.52745056152344,95.94499969482422,96.4800033569336,2719555.0,96.06375122070312,0.0,0.0
AAPL,2020-07-16 13:30:00,96.73750305175781,96.12750244140625,96.67749786376953,2698319.0,96.48249816894531,0.0,0.0
AAPL,2020-07-16 14:30:00,96.75,96.13249969482422,96.62750244140625,2860072.0,96.68000030517578,0.0,0.0
AAPL,2020-07-16 15:30:00,96.8499984741211,96.34249877929688,96.55750274658203,2404451.0,96.62517547607422,0.0,0.0
AAPL,2020-07-17 09:30:00,97.0,95.90750122070312,95.97157287597656,6422721.0,96.99749755859375,0.0,0.0
AAPL,2020-07-17 10:30:00,96.52249908447266,95.83999633789062,96.4574966430664,2868828.0,95.99250030517578,0.0,0.0
AAPL,2020-07-17 11:30:00,96.87000274658203,96.2300033569336,96.7249984741211,2491794.0,96.4625015258789,0.0,0.0
AAPL,2020-07-17 12:30:00,96.77249908447266,96.25250244140625,96.52014923095703,2207318.0,96.72750091552734,0.0,0.0
AAPL,2020-07-17 13:30:00,96.625,96.25250244140625,96.3550033569336,1781378.0,96.5199966430664,0.0,0.0
AAPL,2020-07-17 14:30:00,96.58499908447266,96.29499816894531,96.4625015258789,2128270.0,96.35749816894531,0.0,0.0
AAPL,2020-07-17 15:30:00,96.68000030517578,96.27749633789062,96.2874984741211,2502000.0,96.46499633789062,0.0,0.0
AAPL,2020-07-20 09:30:00,97.10747528076172,96.0625,96.9375,5290614.0,96.37000274658203,0.0,0.0
AAPL,2020-07-20 10:30:00,97.43000030517578,96.83000183105469,97.34249877929688,3430856.0,96.94499969482422,0.0,0.0
AAPL,2020-07-20 11:30:00,97.6449966430664,97.18002319335938,97.19329833984375,2391185.0,97.35250091552734,0.0,0.0
AAPL,2020-07-20 12:30:00,97.56500244140625,97.19000244140625,97.53874969482422,1706851.0,97.19249725341797,0.0,0.0
AAPL,2020-07-20 13:30:00,97.7249984741211,97.43499755859375,97.69999694824219,1806699.0,97.5425033569336,0.0,0.0
AAPL,2020-07-20 14:30:00,98.125,97.55750274658203,98.12000274658203,2845628.0,97.69999694824219,0.0,0.0
AAPL,2020-07-20 15:30:00,98.5,98.1125259399414,98.35749816894531,2956799.0,98.11624908447266,0.0,0.0
AAPL,2020-07-21 09:30:00,98.8550033569336,98.0374984741211,98.1624984741211,6904472.0,98.83000183105469,0.0,0.0
AAPL,2020-07-21 10:30:00,98.31500244140625,97.61750030517578,97.83499908447266,3287206.0,98.18000030517578,0.0,0.0
AAPL,2020-07-21 11:30:00,97.9800033569336,97.34500122070312,97.6199722290039,3021632.0,97.83875274658203,0.0,0.0
AAPL,2020-07-21 12:30:00,97.7125015258789,97.27749633789062,97.57872772216797,2031734.0,97.61125183105469,0.0,0.0
AAPL,2020-07-21 13:30:00,98.20999908447266,97.55249786376953,98.0250015258789,2392353.0,97.56500244140625,0.0,0.0
AAPL,2020-07-21 14:30:00,98.04875183105469,97.2074966430664,97.28752136230469,2632905.0,98.03997802734375,0.0,0.0
AAPL,2020-07-21 15:30:00,97.44004821777344,96.74250030517578,96.99250030517578,3439632.0,97.32250213623047,0.0,0.0
AAPL,2020-07-22 09:30:00,97.9749984741211,96.7300033569336,97.36499786376953,6424825.0,96.98249816894531,0.0,0.0
AAPL,2020-07-22 10:30:00,97.51000213623047,96.7699966430664,97.2385025024414,3560214.0,97.35749816894531,0.0,0.0
AAPL,2020-07-22 11:30:00,97.34500122070312,96.95999908447266,97.12999725341797,1709359.0,97.26750183105469,0.0,0.0
AAPL,2020-07-22 12:30:00,97.12000274658203,96.84500122070312,96.89555358886719,1633874.0,97.11000061035156,0.0,0.0
AAPL,2020-07-22 13:30:00,96.94750213623047,96.60250091552734,96.8375015258789,1851349.0,96.89749908447266,0.0,0.0
AAPL,2020-07-22 14:30:00,97.22000122070312,96.71007537841797,96.86000061035156,2113008.0,96.83499908447266,0.0,0.0
AAPL,2020-07-22 15:30:00,97.4625015258789,96.85250091552734,97.27249908447266,2000916.0,96.86747741699219,0.0,0.0
AAPL,2020-07-23 09:30:00,97.02375030517578,95.91500091552734,96.27167510986328,5882535.0,97.00499725341797,0.0,0.0
AAPL,2020-07-23 10:30:00,96.44747161865234,95.5875015258789,95.94000244140625,4121850.0,96.26625061035156,0.0,0.0
AAPL,2020-07-23 11:30:00,96.0,94.79750061035156,94.90247344970703,5199898.0,95.9375,0.0,0.0
AAPL,2020-07-23 12:30:00,95.00199890136719,94.1624984741211,94.59657287597656,5062081.0,94.88999938964844,0.0,0.0
AAPL,2020-07-23 13:30:00,94.69750213623047,92.08257293701172,92.88385009765625,10627192.0,94.58499908447266,0.0,0.0
AAPL,2020-07-23 14:30:00,93.3125,92.00975036621094,92.46499633789062,8396598.0,92.875,0.0,0.0
AAPL,2020-07-23 15:30:00,92.95500183105469,92.16297149658203,92.88249969482422,5427226.0,92.4529037475586,0.0,0.0
AAPL,2020-07-24 09:30:00,91.59249877929688,89.1449966430664,91.44750213623047,17360265.0,90.68250274658203,0.0,0.0
AAPL,2020-07-24 10:30:00,92.90499877929688,90.69002532958984,92.70249938964844,7732096.0,91.44499969482422,0.0,0.0
AAPL,2020-07-24 11:30:00,92.73750305175781,91.73500061035156,92.27999877929688,4527245.0,92.7074966430664,0.0,0.0
AAPL,2020-07-24 12:30:00,92.30999755859375,91.3949966430664,91.93250274658203,3454327.0,92.28250122070312,0.0,0.0
AAPL,2020-07-24 13:30:00,92.86750030517578,91.77249908447266,92.76625061035156,3357131.0,91.94000244140625,0.0,0.0
AAPL,2020-07-24 14:30:00,92.97000122070312,92.14749908447266,92.375,4091269.0,92.77249908447266,0.0,0.0
AAPL,2020-07-24 15:30:00,92.78997802734375,92.25250244140625,92.61250305175781,3660362.0,92.37000274658203,0.0,0.0
AAPL,2020-07-27 09:30:00,94.875,93.48999786376953,94.25,9602743.0,93.8375015258789,0.0,0.0
AAPL,2020-07-27 10:30:00,94.54000091552734,93.65750122070312,93.68374633789062,3456093.0,94.24725341796875,0.0,0.0
AAPL,2020-07-27 11:30:00,94.03500366210938,93.4800033569336,93.88249969482422,2959410.0,93.6812515258789,0.0,0.0
AAPL,2020-07-27 12:30:00,94.39749908447266,93.76000213623047,94.38999938964844,2151854.0,93.89250183105469,0.0,0.0
AAPL,2020-07-27 13:30:00,94.7446517944336,94.32499694824219,94.6875,2454973.0,94.38972473144531,0.0,0.0
AAPL,2020-07-27 14:30:00,94.78250122070312,94.29000091552734,94.6875,3726195.0,94.69499969482422,0.0,0.0
AAPL,2020-07-27 15:30:00,94.90499877929688,94.62999725341797,94.80374908447266,2789374.0,94.67500305175781,0.0,0.0
AAPL,2020-07-28 09:30:00,94.54965209960938,93.47750091552734,93.68000030517578,8616762.0,94.36750030517578,0.0,0.0
AAPL,2020-07-28 10:30:00,94.18295288085938,93.48249816894531,93.94999694824219,3486022.0,93.67749786376953,0.0,0.0
AAPL,2020-07-28 11:30:00,94.125,93.54875183105469,93.8656997680664,2130911.0,93.95590209960938,0.0,0.0
AAPL,2020-07-28 12:30:00,94.02249908447266,93.72250366210938,93.9625015258789,1406431.0,93.86962127685547,0.0,0.0
AAPL,2020-07-28 13:30:00,94.37999725341797,93.96499633789062,93.98500061035156,2331479.0,93.97250366210938,0.0,0.0
AAPL,2020-07-28 14:30:00,94.20249938964844,93.52749633789062,93.69000244140625,2857132.0,93.98615264892578,0.0,0.0
AAPL,2020-07-28 15:30:00,93.82749938964844,93.24749755859375,93.2699966430664,2872511.0,93.6762466430664,0.0,0.0
AAPL,2020-07-29 09:30:00,94.81999969482422,93.8125,94.62000274658203,6187353.0,93.95494842529297,0.0,0.0
AAPL,2020-07-29 10:30:00,94.75749969482422,94.37750244140625,94.63249969482422,2416765.0,94.63749694824219,0.0,0.0
AAPL,2020-07-29 11:30:00,94.63749694824219,94.08999633789062,94.32672119140625,1988000.0,94.63162231445312,0.0,0.0
AAPL,2020-07-29 12:30:00,94.47250366210938,94.12014770507812,94.30000305175781,1616086.0,94.32527160644531,0.0,0.0
AAPL,2020-07-29 13:30:00,94.7686996459961,94.04252624511719,94.71707153320312,2098810.0,94.2925033569336,0.0,0.0
AAPL,2020-07-29 14:30:00,95.14414978027344,94.44249725341797,94.90750122070312,3979380.0,94.72219848632812,0.0,0.0
AAPL,2020-07-29 15:30:00,95.2300033569336,94.81500244140625,95.06749725341797,2312317.0,94.91124725341797,0.0,0.0
AAPL,2020-07-30 09:30:00,95.04499816894531,93.76750183105469,94.19999694824219,6588142.0,94.73320007324219,0.0,0.0
AAPL,2020-07-30 10:30:00,94.95747375488281,94.11750030517578,94.71499633789062,3808406.0,94.19750213623047,0.0,0.0
AAPL,2020-07-30 11:30:00,95.96499633789062,94.66999816894531,95.7300033569336,4406640.0,94.72000122070312,0.0,0.0
AAPL,2020-07-30 12:30:00,95.94999694824219,95.40750122070312,95.64852142333984,3174110.0,95.73374938964844,0.0,0.0
AAPL,2020-07-30 13:30:00,95.8375015258789,95.2249984741211,95.6875,3227122.0,95.64875030517578,0.0,0.0
AAPL,2020-07-30 14:30:00,96.13749694824219,95.62249755859375,96.0374984741211,4728155.0,95.68499755859375,0.0,0.0
AAPL,2020-07-30 15:30:00,96.29750061035156,95.88990020751953,96.22000122070312,3873750.0,96.03500366210938,0.0,0.0
AAPL,2020-07-31 09:30:00,102.6449966430664,100.82499694824219,101.44499969482422,27460424.0,102.43499755859375,0.0,0.0
AAPL,2020-07-31 10:30:00,102.95500183105469,101.3949966430664,102.65252685546875,9986159.0,101.44000244140625,0.0,0.0
AAPL,2020-07-31 11:30:00,103.05500030517578,102.23502349853516,102.6624984741211,7067254.0,102.66500091552734,0.0,0.0
AAPL,2020-07-31 12:30:00,102.9000015258789,102.0374984741211,102.8949966430664,6610931.0,102.66374969482422,0.0,0.0
AAPL,2020-07-31 13:30:00,103.3324966430664,102.76002502441406,103.27249908447266,7364929.0,102.89250183105469,0.0,0.0
AAPL,2020-07-31 14:30:00,105.59249877929688,103.20999908447266,105.3072509765625,15906665.0,103.27249908447266,0.0,0.0
AAPL,2020-07-31 15:30:00,106.41500091552734,105.25,106.29499816894531,13870559.0,105.30687713623047,0.0,0.0
AAPL,2020-08-06 09:30:00,111.44999694824219,109.79750061035156,111.1290512084961,9472963.0,110.32749938964844,0.0,0.0
AAPL,2020-08-06 10:30:00,111.53250122070312,110.5999984741211,111.23750305175781,5384288.0,111.1300277709961,0.0,0.0
AAPL,2020-08-06 11:30:00,111.98750305175781,111.13749694824219,111.91500091552734,4522926.0,111.23249816894531,0.0,0.0
AAPL,2020-08-06 12:30:00,112.42500305175781,111.73249816894531,112.29499816894531,5000555.0,111.91000366210938,0.0,0.0
AAPL,2020-08-06 13:30:00,113.36750030517578,112.22000122070312,113.2750015258789,6621400.0,112.29750061035156,0.0,0.0
AAPL,2020-08-06 14:30:00,114.4124984741211,113.23999786376953,114.28375244140625,10222652.0,113.26752471923828,0.0,0.0
AAPL,2020-08-06 15:30:00,114.3458251953125,113.45249938964844,113.95249938964844,6575029.0,114.2925033569336,0.0,0.0
AAPL,2020-08-07 09:30:00,113.48500061035156,112.03250122070312,112.36912536621094,13452504.0,112.90775299072266,0.205,0.0
AAPL,2020-08-07 10:30:00,113.67500305175781,112.36750030517578,112.59110260009766,6019199.0,112.375,0.0,0.0
AAPL,2020-08-07 11:30:00,112.86250305175781,112.11000061035156,112.38555145263672,4178541.0,112.58502197265625,0.0,0.0
AAPL,2020-08-07 12:30:00,112.58247375488281,110.72750091552734,111.31999969482422,6483706.0,112.38480377197266,0.0,0.0
AAPL,2020-08-07 13:30:00,111.72250366210938,110.2925033569336,110.55874633789062,5785186.0,111.32350158691406,0.0,0.0
AAPL,2020-08-07 14:30:00,111.6875,110.375,111.06112670898438,6117154.0,110.56747436523438,0.0,0.0
AAPL,2020-08-07 15:30:00,111.5875015258789,110.97000122070312,111.10250091552734,4395497.0,111.05750274658203,0.0,0.0
AAPL,2020-08-10 09:30:00,113.7750015258789,111.57250213623047,111.91895294189453,15710493.0,112.5999984741211,0.0,0.0
AAPL,2020-08-10 10:30:00,112.36347198486328,110.0,111.44750213623047,10417563.0,111.92124938964844,0.0,0.0
AAPL,2020-08-10 11:30:00,112.54499816894531,111.2300033569336,112.01249694824219,6666546.0,111.44625091552734,0.0,0.0
AAPL,2020-08-10 12:30:00,112.9749984741211,111.80999755859375,112.76499938964844,5418140.0,112.01625061035156,0.0,0.0
AAPL,2020-08-10 13:30:00,112.82499694824219,112.29000091552734,112.77680206298828,3823318.0,112.76750183105469,0.0,0.0
AAPL,2020-08-10 14:30:00,113.24500274658203,112.41999816894531,112.49500274658203,5656195.0,112.78500366210938,0.0,0.0
AAPL,2020-08-10 15:30:00,112.83999633789062,112.3949966430664,112.73750305175781,3334294.0,112.4908218383789,0.0,0.0
AAPL,2020-08-11 09:30:00,112.48249816894531,111.06999969482422,111.50250244140625,12295840.0,112.24250030517578,0.0,0.0
AAPL,2020-08-11 10:30:00,112.18250274658203,111.21749877929688,111.87999725341797,5001489.0,111.49749755859375,0.0,0.0
AAPL,2020-08-11 11:30:00,111.9124984741211,111.09500122070312,111.69750213623047,4686306.0,111.88999938964844,0.0,0.0
AAPL,2020-08-11 12:30:00,111.87000274658203,111.3862533569336,111.67250061035156,3561079.0,111.70249938964844,0.0,0.0
AAPL,2020-08-11 13:30:00,111.70999908447266,110.72000122070312,110.83505249023438,4116645.0,111.6845474243164,0.0,0.0
AAPL,2020-08-11 14:30:00,110.99749755859375,109.75,110.31749725341797,6862927.0,110.84249877929688,0.0,0.0
AAPL,2020-08-11 15:30:00,110.32562255859375,109.10667419433594,109.37750244140625,6375731.0,110.31999969482422,0.0,0.0
AAPL,2020-08-12 09:30:00,111.53250122070312,110.29750061035156,111.33499908447266,9767735.0,110.66500091552734,0.0,0.0
AAPL,2020-08-12 10:30:00,112.29499816894531,111.0625,112.14250183105469,5541570.0,111.33999633789062,0.0,0.0
AAPL,2020-08-12 11:30:00,113.16500091552734,112.13604736328125,113.05750274658203,6024371.0,112.13604736328125,0.0,0.0
AAPL,2020-08-12 12:30:00,113.2750015258789,112.27999877929688,112.32252502441406,5374982.0,113.05500030517578,0.0,0.0
AAPL,2020-08-12 13:30:00,113.2750015258789,112.3259506225586,112.95500183105469,4641472.0,112.3324966430664,0.0,0.0
AAPL,2020-08-12 14:30:00,113.16999816894531,112.6500015258789,112.92749786376953,3924207.0,112.9625015258789,0.0,0.0
AAPL,2020-08-12 15:30:00,113.26249694824219,112.54000091552734,113.05999755859375,3668304.0,112.93000030517578,0.0,0.0
AAPL,2020-08-13 09:30:00,115.12000274658203,113.92749786376953,114.61119842529297,12652730.0,114.13749694824219,0.0,0.0
AAPL,2020-08-13 10:30:00,115.5824966430664,114.55249786376953,115.30819702148438,8145870.0,114.61499786376953,0.0,0.0
AAPL,2020-08-13 11:30:00,115.66500091552734,114.88999938964844,115.5417251586914,5345316.0,115.30999755859375,0.0,0.0
AAPL,2020-08-13 12:30:00,116.0425033569336,115.00007629394531,115.29875183105469,5773551.0,115.54499816894531,0.0,0.0
AAPL,2020-08-13 13:30:00,115.63945007324219,114.58502197265625,114.98374938964844,6180449.0,115.30500030517578,0.0,0.0
AAPL,2020-08-13 14:30:00,115.17749786376953,114.19249725341797,115.0425033569336,7134999.0,114.98750305175781,0.0,0.0
AAPL,2020-08-13 15:30:00,115.32499694824219,114.81500244140625,115.00749969482422,3950995.0,115.05500030517578,0.0,0.0
AAPL,2020-08-14 09:30:00,114.89219665527344,113.32749938964844,113.34500122070312,10647049.0,114.86180114746094,0.0,0.0
AAPL,2020-08-14 10:30:00,113.82749938964844,113.04499816894531,113.65499877929688,6555200.0,113.36000061035156,0.0,0.0
AAPL,2020-08-14 11:30:00,114.46749877929688,113.61250305175781,114.40922546386719,5683514.0,113.65499877929688,0.0,0.0
AAPL,2020-08-14 12:30:00,114.86750030517578,114.34750366210938,114.78500366210938,5300834.0,114.41500091552734,0.0,0.0
AAPL,2020-08-14 13:30:00,114.83499908447266,114.14005279541016,114.31749725341797,3426538.0,114.77749633789062,0.0,0.0
AAPL,2020-08-14 14:30:00,114.48999786376953,113.97250366210938,114.1666259765625,3652771.0,114.32334899902344,0.0,0.0
AAPL,2020-08-14 15:30:00,115.0,114.05249786376953,114.94499969482422,3465282.0,114.16874694824219,0.0,0.0
AAPL,2020-08-17 09:30:00,115.9574966430664,114.2925033569336,114.41500091552734,8901146.0,115.8499984741211,0.0,0.0
AAPL,2020-08-17 10:30:00,114.83499908447266,114.31507873535156,114.5009994506836,3779243.0,114.42375183105469,0.0,0.0
AAPL,2020-08-17 11:30:00,114.59249877929688,113.9625244140625,114.40847778320312,3599458.0,114.48999786376953,0.0,0.0
AAPL,2020-08-17 12:30:00,114.79499816894531,114.27749633789062,114.46499633789062,2195552.0,114.41357421875,0.0,0.0
AAPL,2020-08-17 13:30:00,115.125,114.28500366210938,115.03500366210938,2605247.0,114.4635009765625,0.0,0.0
AAPL,2020-08-17 14:30:00,115.22750091552734,114.64250183105469,114.91805267333984,2637721.0,115.0425033569336,0.0,0.0
AAPL,2020-08-17 15:30:00,115.20249938964844,114.5,114.5824966430664,2598489.0,114.92250061035156,0.0,0.0
AAPL,2020-08-18 09:30:00,115.5,114.05500030517578,114.1050033569336,7229426.0,114.6937026977539,0.0,0.0
AAPL,2020-08-18 10:30:00,115.19999694824219,114.00749969482422,115.07457733154297,3123711.0,114.0999984741211,0.0,0.0
AAPL,2020-08-18 11:30:00,115.46497344970703,114.80000305175781,115.30999755859375,2557221.0,115.0875015258789,0.0,0.0
AAPL,2020-08-18 12:30:00,115.70500183105469,115.21095275878906,115.57749938964844,2952244.0,115.30000305175781,0.0,0.0
AAPL,2020-08-18 13:30:00,116.0,115.54875183105469,115.915771484375,3310923.0,115.58595275878906,0.0,0.0
AAPL,2020-08-18 14:30:00,115.97274780273438,115.4000015258789,115.56812286376953,3027250.0,115.92250061035156,0.0,0.0
AAPL,2020-08-18 15:30:00,115.70999908447266,115.4375,115.52249908447266,2342678.0,115.56500244140625,0.0,0.0
AAPL,2020-08-19 09:30:00,116.80000305175781,115.61750030517578,116.47250366210938,7664333.0,115.87480163574219,0.0,0.0
AAPL,2020-08-19 10:30:00,117.1624984741211,116.5999984741211,116.88249969482422,7190728.0,116.76249694824219,0.0,0.0
AAPL,2020-08-19 11:30:00,117.11000061035156,116.64624786376953,116.78500366210938,3248879.0,116.90247344970703,0.0,0.0
AAPL,2020-08-19 12:30:00,117.0250015258789,116.67375183105469,116.8199234008789,2468814.0,116.80000305175781,0.0,0.0
AAPL,2020-08-19 13:30:00,116.96247863769531,115.61002349853516,116.0250015258789,5232079.0,116.82174682617188,0.0,0.0
AAPL,2020-08-19 14:30:00,116.5374755859375,115.94999694824219,116.19499969482422,4373950.0,116.02625274658203,0.0,0.0
AAPL,2020-08-19 15:30:00,116.26000213623047,115.61000061035156,115.70625305175781,3694945.0,116.1937484741211,0.0,0.0
AAPL,2020-08-20 09:30:00,117.44497680664062,115.9375,117.02584838867188,8834881.0,115.94999694824219,0.0,0.0
AAPL,2020-08-20 10:30:00,117.44000244140625,116.80000305175781,117.19605255126953,3867266.0,117.01625061035156,0.0,0.0
AAPL,2020-08-20 11:30:00,117.625,117.11499786376953,117.34905242919922,3644958.0,117.19249725341797,0.0,0.0
AAPL,2020-08-20 12:30:00,117.5,117.0250015258789,117.4917984008789,2401264.0,117.3499984741211,0.0,0.0
AAPL,2020-08-20 13:30:00,117.57749938964844,117.15750122070312,117.41997528076172,2499440.0,117.4937515258789,0.0,0.0
AAPL,2020-08-20 14:30:00,118.06999969482422,117.34249877929688,117.96875,4178073.0,117.4124984741211,0.0,0.0
AAPL,2020-08-20 15:30:00,118.39199829101562,117.87249755859375,118.2074966430664,4027324.0,117.9625015258789,0.0,0.0
AAPL,2020-08-21 09:30:00,121.94000244140625,119.55000305175781,121.73750305175781,18132091.0,119.86750030517578,0.0,0.0
AAPL,2020-08-21 10:30:00,123.39749908447266,121.62999725341797,123.23750305175781,16788059.0,121.73750305175781,0.0,0.0
AAPL,2020-08-21 11:30:00,123.30750274658203,121.94000244140625,122.53500366210938,9183341.0,123.25250244140625,0.0,0.0
AAPL,2020-08-21 12:30:00,123.1698226928711,122.16000366210938,122.4124984741211,7275279.0,122.5396499633789,0.0,0.0
AAPL,2020-08-21 13:30:00,123.34497833251953,122.30500030517578,123.33699798583984,5673614.0,122.40750122070312,0.0,0.0
AAPL,2020-08-21 14:30:00,124.86799621582031,123.10250091552734,124.28489685058594,14323222.0,123.32499694824219,0.0,0.0
AAPL,2020-08-21 15:30:00,124.79750061035156,123.625,124.3499984741211,8924191.0,124.29125213623047,0.0,0.0
AAPL,2020-08-24 09:30:00,128.7449951171875,125.0,125.72247314453125,29483385.0,128.6425018310547,0.0,0.0
AAPL,2020-08-24 10:30:00,126.07499694824219,123.93624877929688,125.3375015258789,14690752.0,125.70475006103516,0.0,0.0
AAPL,2020-08-24 11:30:00,127.44999694824219,125.3125,126.92500305175781,10162183.0,125.33499908447266,0.0,0.0
AAPL,2020-08-24 12:30:00,127.0,126.0,126.2925033569336,7433007.0,126.92500305175781,0.0,0.0
AAPL,2020-08-24 13:30:00,126.7699966430664,125.77999877929688,126.04354858398438,6294513.0,126.29267120361328,0.0,0.0
AAPL,2020-08-24 14:30:00,126.05000305175781,124.65499877929688,125.80662536621094,9437192.0,126.04499816894531,0.0,0.0
AAPL,2020-08-24 15:30:00,126.12875366210938,125.3864974975586,125.94750213623047,6006310.0,125.8082504272461,0.0,0.0
AAPL,2020-08-25 09:30:00,125.17749786376953,123.05249786376953,123.4364242553711,15931434.0,124.88249969482422,0.0,0.0
AAPL,2020-08-25 10:30:00,124.85749816894531,123.12750244140625,124.27749633789062,8737778.0,123.44417572021484,0.0,0.0
AAPL,2020-08-25 11:30:00,124.35749816894531,123.47250366210938,123.91999816894531,6633076.0,124.29000091552734,0.0,0.0
AAPL,2020-08-25 12:30:00,124.2300033569336,123.58000183105469,124.18002319335938,3903239.0,123.91265106201172,0.0,0.0
AAPL,2020-08-25 13:30:00,124.2750015258789,123.70797729492188,123.87999725341797,3765188.0,124.1875,0.0,0.0
AAPL,2020-08-25 14:30:00,125.0199966430664,123.79000091552734,124.81749725341797,6697179.0,123.88749694824219,0.0,0.0
AAPL,2020-08-25 15:30:00,125.07250213623047,124.5675277709961,124.82749938964844,4636078.0,124.81500244140625,0.0,0.0
AAPL,2020-08-26 09:30:00,126.99250030517578,125.0824966430664,125.44999694824219,11786304.0,126.54750061035156,0.0,0.0
AAPL,2020-08-26 10:30:00,125.97250366210938,125.33000183105469,125.74500274658203,4996052.0,125.45999908447266,0.0,0.0
AAPL,2020-08-26 11:30:00,126.82499694824219,125.56999969482422,126.67124938964844,5725860.0,125.73500061035156,0.0,0.0
AAPL,2020-08-26 12:30:00,126.8012466430664,125.84249877929688,126.07749938964844,4361060.0,126.67124938964844,0.0,0.0
AAPL,2020-08-26 13:30:00,126.46749877929688,126.05000305175781,126.15487670898438,2971516.0,126.09912872314453,0.0,0.0
AAPL,2020-08-26 14:30:00,126.19750213623047,125.4000015258789,126.01249694824219,4826862.0,126.16000366210938,0.0,0.0
AAPL,2020-08-26 15:30:00,126.58000183105469,125.8499984741211,126.54499816894531,3592183.0,126.01750183105469,0.0,0.0
AAPL,2020-08-27 09:30:00,127.18250274658203,125.71499633789062,126.38999938964844,9949114.0,127.00250244140625,0.0,0.0
AAPL,2020-08-27 10:30:00,126.4625015258789,125.7750015258789,126.00250244140625,4187663.0,126.38500213623047,0.0,0.0
AAPL,2020-08-27 11:30:00,126.38500213623047,125.5250015258789,125.58362579345703,3701252.0,126.01249694824219,0.0,0.0
AAPL,2020-08-27 12:30:00,125.7249984741211,123.8324966430664,125.15750122070312,7902458.0,125.56999969482422,0.0,0.0
AAPL,2020-08-27 13:30:00,125.6500015258789,124.57499694824219,125.57980346679688,4037009.0,125.15625,0.0,0.0
AAPL,2020-08-27 14:30:00,125.86499786376953,125.32250213623047,125.56500244140625,3284114.0,125.58499908447266,0.0,0.0
AAPL,2020-08-27 15:30:00,125.6675033569336,124.99250030517578,125.01190185546875,4033638.0,125.5824966430664,0.0,0.0
AAPL,2020-08-28 09:30:00,126.25,124.85749816894531,125.69999694824219,9179121.0,126.21499633789062,0.0,0.0
AAPL,2020-08-28 10:30:00,125.8949966430664,125.0,125.8862533569336,4493241.0,125.69239807128906,0.0,0.0
AAPL,2020-08-28 11:30:00,125.88500213623047,125.3375015258789,125.41000366210938,2969415.0,125.87625122070312,0.0,0.0
AAPL,2020-08-28 12:30:00,125.4625015258789,124.82250213623047,124.83499908447266,3558083.0,125.4175033569336,0.0,0.0
AAPL,2020-08-28 13:30:00,125.36000061035156,124.57749938964844,125.0374984741211,4296173.0,124.8324966430664,0.0,0.0
AAPL,2020-08-28 14:30:00,125.67500305175781,124.94249725341797,125.375,5054063.0,125.04002380371094,0.0,0.0
AAPL,2020-08-28 15:30:00,126.44249725341797,124.7125015258789,124.7387466430664,9278533.0,125.37999725341797,0.0,0.0
AAPL,2020-08-31 09:30:00,128.74000549316406,126.0,128.22999572753906,63689029.0,126.875,0.0,0.0
AAPL,2020-08-31 10:30:00,130.0500030517578,127.8499984741211,128.539794921875,40758868.0,128.22999572753906,0.0,0.0
AAPL,2020-08-31 11:30:00,129.52000427246094,127.69999694824219,129.3300018310547,24376444.0,128.54620361328125,0.0,0.0
AAPL,2020-08-31 12:30:00,130.89999389648438,128.9600067138672,130.25999450683594,22406452.0,129.2299041748047,0.0,0.0
AAPL,2020-08-31 13:30:00,131.0,130.25660705566406,130.6300048828125,16485212.0,130.25660705566406,0.0,0.0
AAPL,2020-08-31 14:30:00,130.69000244140625,129.3699951171875,129.98460388183594,20795223.0,130.6300048828125,0.0,0.0
AAPL,2020-08-31 15:30:00,130.28990173339844,128.75,128.85000610351562,17957041.0,129.99000549316406,0.0,0.0
AAPL,2020-09-01 09:30:00,132.0800018310547,130.52999877929688,131.80499267578125,46673309.0,131.5,0.0,0.0
AAPL,2020-09-01 10:30:00,132.64999389648438,131.50999450683594,132.3699951171875,18899035.0,131.80999755859375,0.0,0.0
AAPL,2020-09-01 11:30:00,132.67999267578125,131.7899932861328,132.52000427246094,13962807.0,132.37269592285156,0.0,0.0
AAPL,2020-09-01 12:30:00,133.94000244140625,132.50999450683594,133.5825958251953,17423910.0,132.52499389648438,0.0,0.0
AAPL,2020-09-01 13:30:00,134.8000030517578,133.57000732421875,134.5800018310547,17736981.0,133.57000732421875,0.0,0.0
AAPL,2020-09-01 14:30:00,134.67999267578125,133.6699981689453,133.83999633789062,14140534.0,134.55999755859375,0.0,0.0
AAPL,2020-09-01 15:30:00,134.5399932861328,133.5500030517578,134.1999969482422,13992177.0,133.8300018310547,0.0,0.0
AAPL,2020-09-02 09:30:00,136.6199951171875,127.0,132.22999572753906,81338871.0,135.55999755859375,0.0,0.0
AAPL,2020-09-02 10:30:00,132.60000610351562,129.1199951171875,129.60220336914062,26246716.0,132.24200439453125,0.0,0.0
AAPL,2020-09-02 11:30:00,131.27999877929688,127.0999984741211,130.96820068359375,28032183.0,129.61000061035156,0.0,0.0
AAPL,2020-09-02 12:30:00,131.39999389648438,129.6999969482422,131.27999877929688,14358144.0,130.97000122070312,0.0,0.0
AAPL,2020-09-02 13:30:00,131.65780639648438,130.50999450683594,131.02999877929688,12856972.0,131.27000427246094,0.0,0.0
AAPL,2020-09-02 14:30:00,131.3699951171875,130.3000030517578,130.72000122070312,12687887.0,131.02999877929688,0.0,0.0
AAPL,2020-09-02 15:30:00,131.8000030517578,130.57000732421875,131.22000122070312,13122301.0,130.7241973876953,0.0,0.0
AAPL,2020-09-03 09:30:00,128.83999633789062,125.23999786376953,126.13529968261719,52494652.0,127.87000274658203,0.0,0.0
AAPL,2020-09-03 10:30:00,126.56999969482422,120.72000122070312,123.2947006225586,54002263.0,126.125,0.0,0.0
AAPL,2020-09-03 11:30:00,125.16999816894531,122.91999816894531,123.4000015258789,28645472.0,123.2760009765625,0.0,0.0
AAPL,2020-09-03 12:30:00,123.83989715576172,121.80999755859375,123.783203125,23865022.0,123.38999938964844,0.0,0.0
AAPL,2020-09-03 13:30:00,123.7699966430664,122.06999969482422,122.7750015258789,17883334.0,123.7699966430664,0.0,0.0
AAPL,2020-09-03 14:30:00,123.37999725341797,120.80000305175781,120.8499984741211,26109049.0,122.7699966430664,0.0,0.0
AAPL,2020-09-03 15:30:00,121.69999694824219,120.5,120.91999816894531,29053378.0,120.86000061035156,0.0,0.0
AAPL,2020-09-04 09:30:00,123.69999694824219,113.62999725341797,113.86070251464844,98454013.0,120.87319946289062,0.0,0.0
AAPL,2020-09-04 10:30:00,115.77999877929688,110.88999938964844,114.2699966430664,60306097.0,113.88990020751953,0.0,0.0
AAPL,2020-09-04 11:30:00,120.41999816894531,114.05000305175781,120.1500015258789,43396712.0,114.25499725341797,0.0,0.0
AAPL,2020-09-04 12:30:00,120.68000030517578,116.33000183105469,117.47699737548828,31153743.0,120.15630340576172,0.0,0.0
AAPL,2020-09-04 13:30:00,119.68000030517578,116.56999969482422,119.45999908447266,21197167.0,117.45999908447266,0.0,0.0
AAPL,2020-09-04 14:30:00,122.69999694824219,118.80999755859375,122.41999816894531,36683572.0,119.5,0.0,0.0
AAPL,2020-09-04 15:30:00,122.5,120.43000030517578,120.9000015258789,22284469.0,122.44999694824219,0.0,0.0
