symbol,date,volume,close,open,high,low
HSV.L,2020-09-09 13:04:45,0.0,1279.0,1279.0,1279.0,1279.0
HSV.L,2020-09-09 12:54:00,788.0,1280.0,1280.0,1280.0,1280.0
HSV.L,2020-09-09 12:49:00,711.0,1278.0,1279.0,1279.0,1278.0
HSV.L,2020-09-09 12:46:00,94.0,1280.0,1280.0,1280.0,1280.0
HSV.L,2020-09-09 12:40:00,1141.0,1279.0,1280.0,1280.0,1279.0
HSV.L,2020-09-09 12:36:00,456.0,1281.0,1281.0,1281.0,1281.0
HSV.L,2020-09-09 12:35:00,2413.0,1280.0,1280.0,1281.0,1280.0
HSV.L,2020-09-09 12:22:00,604.0,1279.0,1279.0,1279.0,1279.0
HSV.L,2020-09-09 12:21:00,1364.0,1279.0,1279.0,1279.0,1279.0
HSV.L,2020-09-09 12:18:00,484.0,1279.0,1279.0,1279.0,1279.0
HSV.L,2020-09-09 12:11:00,537.0,1278.0,1278.0,1278.0,1278.0
HSV.L,2020-09-09 12:05:00,216.0,1278.0,1278.0,1278.0,1278.0
HSV.L,2020-09-09 12:03:00,19.0,1280.0,1280.0,1280.0,1280.0
HSV.L,2020-09-09 12:02:00,748.0,1278.0,1278.0,1278.0,1278.0
HSV.L,2020-09-09 11:58:00,771.0,1280.0,1280.0,1280.0,1280.0
HSV.L,2020-09-09 11:57:00,94.0,1279.0,1279.0,1279.0,1279.0
HSV.L,2020-09-09 11:56:00,37.0,1279.0,1279.0,1279.0,1279.0
HSV.L,2020-09-09 11:53:00,500.0,1280.0,1280.0,1280.0,1280.0
HSV.L,2020-09-09 11:52:00,342.0,1279.0,1280.0,1280.0,1279.0
HSV.L,2020-09-09 11:35:00,391.0,1281.0,1281.0,1281.0,1281.0
HSV.L,2020-09-09 11:34:00,365.0,1282.0,1282.0,1282.0,1282.0
HSV.L,2020-09-09 11:32:00,21.0,1282.0,1282.0,1282.0,1282.0
HSV.L,2020-09-09 11:31:00,3066.0,1281.0,1280.0,1281.0,1280.0
HSV.L,2020-09-09 11:24:00,885.0,1279.0,1278.0,1279.0,1278.0
HSV.L,2020-09-09 11:21:00,756.0,1279.0,1280.0,1280.0,1279.0
HSV.L,2020-09-09 11:16:00,551.0,1280.0,1280.0,1280.0,1280.0
HSV.L,2020-09-09 11:15:00,947.0,1281.0,1280.0,1281.0,1280.0
HSV.L,2020-09-09 11:14:00,206.0,1280.0,1280.0,1280.0,1280.0
HSV.L,2020-09-09 11:05:00,147.0,1281.0,1281.0,1281.0,1281.0
HSV.L,2020-09-09 11:02:00,1371.0,1282.0,1283.0,1283.0,1282.0
HSV.L,2020-09-09 10:59:00,774.0,1283.79296875,1283.79296875,1283.79296875,1283.79296875
HSV.L,2020-09-09 10:57:00,2290.0,1283.0,1280.6800537109375,1283.0,1280.6800537109375
HSV.L,2020-09-09 10:54:00,1236.0,1280.0,1280.0,1280.0,1280.0
HSV.L,2020-09-09 10:45:00,1145.0,1282.0,1282.0,1282.0,1282.0
HSV.L,2020-09-09 10:41:00,1792.0,1281.0,1282.0,1282.0,1281.0
HSV.L,2020-09-09 10:32:00,8.0,1283.0,1283.0,1283.0,1283.0
HSV.L,2020-09-09 10:30:00,767.0,1284.0,1285.0,1285.0,1284.0
HSV.L,2020-09-09 10:29:00,11.0,1284.0,1284.0,1284.0,1284.0
HSV.L,2020-09-09 10:22:00,324.0,1285.0,1285.0,1285.0,1285.0
HSV.L,2020-09-09 10:19:00,345.0,1286.0,1286.0,1286.0,1286.0
HSV.L,2020-09-09 10:18:00,250.0,1285.0,1285.0,1285.0,1285.0
HSV.L,2020-09-09 10:17:00,2056.0,1285.0,1286.0,1286.0,1285.0
HSV.L,2020-09-09 10:16:00,420.0,1285.0,1285.0,1285.0,1285.0
HSV.L,2020-09-09 10:15:00,27.0,1286.0,1286.0,1286.0,1286.0
HSV.L,2020-09-09 10:14:00,190.0,1285.1600341796875,1286.0,1286.0,1285.1600341796875
HSV.L,2020-09-09 10:13:00,34.0,1286.0,1286.0,1286.0,1286.0
HSV.L,2020-09-09 10:12:00,134.0,1285.0,1285.0,1285.0,1285.0
HSV.L,2020-09-09 10:10:00,234.0,1284.0,1284.0,1284.0,1284.0
HSV.L,2020-09-09 10:08:00,2137.0,1285.0,1288.0,1288.0,1285.0
HSV.L,2020-09-09 10:07:00,250.0,1289.0,1289.0,1289.0,1289.0
HSV.L,2020-09-09 10:06:00,4708.0,1286.0,1282.0,1286.0,1282.0
HSV.L,2020-09-09 10:05:00,43.0,1280.3199462890625,1280.3199462890625,1280.3199462890625,1280.3199462890625
HSV.L,2020-09-09 09:59:00,257.0,1281.0,1281.0,1281.0,1281.0
HSV.L,2020-09-09 09:51:00,167.0,1282.0,1282.0,1282.0,1282.0
HSV.L,2020-09-09 09:48:00,43.0,1282.103515625,1282.103515625,1282.103515625,1282.103515625
HSV.L,2020-09-09 09:46:00,385.0,1284.0,1284.0,1284.0,1284.0
HSV.L,2020-09-09 09:45:00,518.0,1284.0,1284.0,1284.0,1284.0
HSV.L,2020-09-09 09:44:00,2011.0,1283.0,1286.0,1286.0,1283.0
HSV.L,2020-09-09 09:40:00,376.0,1286.0,1286.0,1286.0,1286.0
HSV.L,2020-09-09 09:30:00,270.0,1287.0,1287.0,1287.0,1287.0
HSV.L,2020-09-09 09:26:00,5.0,1287.0,1287.0,1287.0,1287.0
HSV.L,2020-09-09 09:25:00,236.0,1286.0,1286.0,1286.0,1286.0
HSV.L,2020-09-09 09:24:00,272.0,1287.0,1287.0,1287.0,1287.0
HSV.L,2020-09-09 09:23:00,587.0,1288.0,1288.0,1288.0,1288.0
HSV.L,2020-09-09 09:19:00,250.0,1288.0,1288.0,1288.0,1288.0
HSV.L,2020-09-09 09:13:00,1219.0,1287.0,1287.0,1287.0,1287.0
HSV.L,2020-09-09 09:11:00,106.0,1288.0,1288.0,1288.0,1288.0
HSV.L,2020-09-09 09:10:00,1724.0,1289.0,1288.0,1289.0,1288.0
HSV.L,2020-09-09 09:06:00,825.0,1289.0,1290.0,1290.0,1289.0
HSV.L,2020-09-09 09:04:00,383.0,1288.0,1288.0,1288.0,1288.0
HSV.L,2020-09-09 09:02:00,449.0,1286.0,1286.0,1286.0,1286.0
HSV.L,2020-09-09 09:01:00,15.0,1285.0,1285.0,1285.0,1285.0
HSV.L,2020-09-09 09:00:00,1293.0,1284.0,1282.0,1284.0,1282.0
HSV.L,2020-09-09 08:58:00,114.0,1281.0,1281.0,1281.0,1281.0
HSV.L,2020-09-09 08:54:00,633.0,1284.0,1285.0,1285.0,1284.0
HSV.L,2020-09-09 08:52:00,95.0,1286.0,1286.0,1286.0,1286.0
HSV.L,2020-09-09 08:49:00,749.0,1287.0,1287.0,1287.0,1287.0
HSV.L,2020-09-09 08:48:00,5.0,1285.20703125,1285.20703125,1285.20703125,1285.20703125
HSV.L,2020-09-09 08:47:00,742.0,1286.0,1286.0,1286.0,1286.0
HSV.L,2020-09-09 08:46:00,95.0,1286.0,1286.0,1286.0,1286.0
HSV.L,2020-09-09 08:43:00,600.0,1287.0,1287.0,1287.0,1287.0
HSV.L,2020-09-09 08:42:00,1143.0,1288.0,1288.0,1288.0,1288.0
HSV.L,2020-09-09 08:34:00,504.0,1287.0,1288.0,1288.0,1287.0
HSV.L,2020-09-09 08:33:00,954.0,1289.0,1288.0,1289.0,1288.0
HSV.L,2020-09-09 08:32:00,1700.0,1287.0,1286.0,1287.0,1286.0
HSV.L,2020-09-09 08:31:00,449.0,1285.0,1285.0,1285.0,1285.0
HSV.L,2020-09-09 08:29:00,711.0,1283.0,1283.0,1283.0,1283.0
HSV.L,2020-09-09 08:27:00,250.0,1281.0,1281.0,1281.0,1281.0
HSV.L,2020-09-09 08:26:00,414.0,1282.0,1283.0,1283.0,1282.0
HSV.L,2020-09-09 08:25:00,739.0,1285.0,1285.0,1285.0,1285.0
HSV.L,2020-09-09 08:24:00,1417.0,1286.0,1285.0,1286.0,1285.0
HSV.L,2020-09-09 08:23:00,1.0,1287.0,1287.0,1287.0,1287.0
HSV.L,2020-09-09 08:22:00,190.0,1287.0,1287.0,1287.0,1287.0
HSV.L,2020-09-09 08:21:00,1913.0,1285.0,1284.0,1285.0,1284.0
HSV.L,2020-09-09 08:20:00,594.0,1283.0,1281.0,1283.0,1281.0
HSV.L,2020-09-09 08:18:00,139.0,1283.0,1284.0,1284.0,1283.0
HSV.L,2020-09-09 08:15:00,250.0,1286.0,1286.0,1286.0,1286.0
HSV.L,2020-09-09 08:14:00,106.0,1286.0,1286.0,1286.0,1286.0
HSV.L,2020-09-09 08:11:00,433.0,1283.9434814453125,1282.0,1283.9434814453125,1282.0
HSV.L,2020-09-09 08:10:00,71.0,1280.0,1280.0,1280.0,1280.0
HSV.L,2020-09-09 08:09:00,397.0,1282.0,1282.0,1282.0,1282.0
HSV.L,2020-09-09 08:06:00,823.0,1286.0,1286.0,1286.0,1285.0
HSV.L,2020-09-09 08:05:00,571.0,1287.0,1288.0,1288.0,1287.0
HSV.L,2020-09-09 08:04:00,2538.0,1291.0,1286.0,1291.0,1286.0
HSV.L,2020-09-09 08:01:00,7.0,1296.0,1296.0,1296.0,1296.0
HSV.L,2020-09-09 08:00:00,0.0,1304.0,1304.0,1304.0,1304.0
HSV.L,2020-09-08 16:29:00,1569.0,1285.0,1286.0,1287.0,1285.0
HSV.L,2020-09-08 16:28:00,3755.0,1286.0,1287.0,1287.0,1286.0
HSV.L,2020-09-08 16:27:00,1075.0,1286.0,1286.0,1286.0,1286.0
HSV.L,2020-09-08 16:26:00,1693.0,1287.0,1288.0,1288.0,1287.0
HSV.L,2020-09-08 16:25:00,1269.0,1287.0,1287.0,1287.0,1287.0
HSV.L,2020-09-08 16:24:00,1148.0,1286.0,1286.0,1286.0,1286.0
HSV.L,2020-09-08 16:23:00,2214.0,1287.0,1287.0,1287.0,1287.0
HSV.L,2020-09-08 16:22:00,153.0,1287.0,1287.0,1287.0,1287.0
HSV.L,2020-09-08 16:20:00,935.0,1288.0,1289.0,1289.0,1288.0
HSV.L,2020-09-08 16:19:00,2291.0,1289.0,1289.0,1289.0,1289.0
HSV.L,2020-09-08 16:18:00,413.0,1289.0,1289.0,1289.0,1289.0
HSV.L,2020-09-08 16:16:00,687.0,1289.0,1288.0,1289.0,1288.0
HSV.L,2020-09-08 16:14:00,220.0,1288.0,1288.0,1288.0,1288.0
HSV.L,2020-09-08 16:13:00,115.0,1287.0,1287.0,1287.0,1287.0
HSV.L,2020-09-08 16:07:00,136.0,1287.0,1287.0,1287.0,1287.0
HSV.L,2020-09-08 16:06:00,7.0,1287.0,1287.0,1287.0,1287.0
HSV.L,2020-09-08 16:05:00,41.0,1287.0,1287.0,1287.0,1287.0
HSV.L,2020-09-08 16:04:00,1406.0,1287.0,1287.0,1287.0,1287.0
HSV.L,2020-09-08 16:03:00,983.0,1287.0,1287.0,1287.0,1287.0
HSV.L,2020-09-08 16:02:00,1941.0,1286.0,1284.0,1286.0,1284.0
HSV.L,2020-09-08 16:01:00,1823.0,1283.0,1283.0,1283.0,1282.0
HSV.L,2020-09-08 16:00:00,3430.0,1282.0,1284.0,1284.0,1282.0
HSV.L,2020-09-08 15:59:00,2322.0,1284.0,1284.0,1284.0,1284.0
HSV.L,2020-09-08 15:57:00,10.0,1282.0,1282.0,1282.0,1282.0
HSV.L,2020-09-08 15:56:00,13.0,1282.056396484375,1282.056396484375,1282.056396484375,1282.056396484375
HSV.L,2020-09-08 15:54:00,291.0,1283.0,1284.0,1284.0,1283.0
HSV.L,2020-09-08 15:53:00,568.0,1285.0,1284.0,1285.0,1284.0
HSV.L,2020-09-08 15:52:00,7230.0,1284.0,1283.0,1284.0,1283.0
HSV.L,2020-09-08 15:50:00,545.0,1280.0,1280.0,1280.0,1280.0
HSV.L,2020-09-08 15:48:00,299.0,1280.0,1280.0,1280.0,1280.0
HSV.L,2020-09-08 15:46:00,1102.0,1281.0,1280.0,1281.0,1280.0
HSV.L,2020-09-08 15:44:00,1371.0,1282.0,1282.0,1282.0,1282.0
HSV.L,2020-09-08 15:43:00,2481.0,1281.0,1279.0,1281.0,1279.0
HSV.L,2020-09-08 15:42:00,401.0,1280.0,1280.0,1280.0,1280.0
HSV.L,2020-09-08 15:41:00,151.0,1281.0,1281.0,1281.0,1281.0
HSV.L,2020-09-08 15:39:00,461.0,1283.0,1283.0,1283.0,1283.0
HSV.L,2020-09-08 15:38:00,280.0,1282.6949462890625,1282.0,1282.6949462890625,1282.0
HSV.L,2020-09-08 15:36:00,924.0,1282.0,1282.0,1282.0,1282.0
HSV.L,2020-09-08 15:35:00,302.0,1282.0,1282.0,1282.0,1282.0
HSV.L,2020-09-08 15:34:00,93.0,1281.0,1281.0,1281.0,1281.0
HSV.L,2020-09-08 15:33:00,197.0,1282.0,1282.0,1282.0,1282.0
HSV.L,2020-09-08 15:32:00,1521.0,1283.0,1283.0,1283.0,1283.0
HSV.L,2020-09-08 15:31:00,816.0,1284.0,1283.0,1284.0,1283.0
HSV.L,2020-09-08 15:30:00,266.0,1282.0,1282.0,1282.0,1282.0
HSV.L,2020-09-08 15:29:00,977.0,1282.0,1281.0,1282.0,1281.0
HSV.L,2020-09-08 15:28:00,3710.0,1280.0,1281.0,1281.0,1280.0
HSV.L,2020-09-08 15:25:00,39.0,1282.0,1282.0,1282.0,1282.0
HSV.L,2020-09-08 15:24:00,216.0,1282.0,1281.0,1282.0,1281.0
HSV.L,2020-09-08 15:22:00,2087.0,1280.0,1278.0,1280.0,1278.0
HSV.L,2020-09-08 15:21:00,568.0,1277.0,1277.0,1277.0,1277.0
HSV.L,2020-09-08 15:20:00,958.0,1278.0,1279.0,1279.0,1278.0
HSV.L,2020-09-08 15:19:00,26.0,1280.0,1280.0,1280.0,1280.0
HSV.L,2020-09-08 15:17:00,941.0,1279.0,1278.0,1279.0,1278.0
HSV.L,2020-09-08 15:16:00,250.0,1277.0,1277.0,1277.0,1277.0
HSV.L,2020-09-08 15:15:00,3128.0,1278.0,1277.0,1278.0,1277.0
HSV.L,2020-09-08 15:13:00,106.0,1278.0,1277.0,1278.0,1277.0
HSV.L,2020-09-08 15:11:00,363.0,1276.0,1276.0,1276.0,1276.0
HSV.L,2020-09-08 15:10:00,762.0,1274.0,1274.0,1274.0,1274.0
HSV.L,2020-09-08 15:07:00,2189.0,1273.0,1272.0,1273.0,1272.0
HSV.L,2020-09-08 15:06:00,1796.0,1272.0,1272.0,1272.0,1272.0
HSV.L,2020-09-08 15:04:00,377.0,1273.0,1273.0,1273.0,1273.0
HSV.L,2020-09-08 15:02:00,1429.0,1272.0,1270.0,1272.0,1270.0
HSV.L,2020-09-08 15:00:00,1408.0,1270.0,1270.0,1270.0,1270.0
HSV.L,2020-09-08 14:56:00,1931.0,1271.0,1270.0,1271.0,1270.0
HSV.L,2020-09-08 14:55:00,736.0,1269.0,1270.0,1270.0,1269.0
HSV.L,2020-09-08 14:54:00,1764.0,1271.0,1270.447021484375,1271.0,1270.447021484375
HSV.L,2020-09-08 14:52:00,148.0,1270.0,1270.0,1270.0,1270.0
HSV.L,2020-09-08 14:48:00,594.0,1268.0,1267.0,1268.0,1267.0
HSV.L,2020-09-08 14:47:00,102.0,1268.0,1266.0,1268.0,1266.0
HSV.L,2020-09-08 14:45:00,3081.0,1264.0,1259.324951171875,1264.0,1259.324951171875
HSV.L,2020-09-08 14:44:00,182.0,1260.0,1260.0,1260.0,1260.0
HSV.L,2020-09-08 14:43:00,866.0,1261.0,1262.0,1262.0,1261.0
HSV.L,2020-09-08 14:40:00,1968.0,1263.0,1264.0,1264.0,1263.0
HSV.L,2020-09-08 14:37:00,315.0,1265.0,1265.0,1265.0,1265.0
HSV.L,2020-09-08 14:36:00,852.0,1264.0,1264.0,1264.0,1264.0
HSV.L,2020-09-08 14:35:00,559.0,1263.0,1263.0,1263.0,1263.0
HSV.L,2020-09-08 14:31:00,2636.0,1263.0,1262.0,1263.0,1260.0
HSV.L,2020-09-08 14:28:00,1.0,1264.0,1264.0,1264.0,1264.0
HSV.L,2020-09-08 14:24:00,360.0,1263.0,1263.0,1263.0,1263.0
HSV.L,2020-09-08 14:18:00,280.0,1263.0,1263.0,1263.0,1263.0
HSV.L,2020-09-08 14:17:00,3595.0,1264.0,1262.2823486328125,1264.0,1262.2823486328125
HSV.L,2020-09-08 14:16:00,671.0,1263.0,1264.0,1264.0,1263.0
HSV.L,2020-09-08 14:11:00,178.0,1265.0,1265.0,1265.0,1265.0
HSV.L,2020-09-08 14:05:00,724.0,1266.0,1266.0,1266.0,1266.0
HSV.L,2020-09-08 13:59:00,847.0,1267.0,1267.0,1267.0,1267.0
HSV.L,2020-09-08 13:57:00,191.0,1267.0,1267.0,1267.0,1267.0
HSV.L,2020-09-08 13:55:00,720.0,1266.0,1266.0,1266.0,1266.0
HSV.L,2020-09-08 13:53:00,222.0,1265.0,1265.0,1265.0,1265.0
HSV.L,2020-09-08 13:52:00,1627.0,1265.0,1263.0,1265.0,1263.0
HSV.L,2020-09-08 13:42:00,700.0,1262.0,1262.0,1262.0,1262.0
HSV.L,2020-09-08 13:41:00,1175.0,1262.0,1261.0,1262.0,1261.0
HSV.L,2020-09-08 13:40:00,66722.0,1259.0,1260.0,1260.0,1259.0
HSV.L,2020-09-08 13:39:00,0.0,1261.0,1261.0,1261.0,1261.0
HSV.L,2020-09-08 13:35:00,64.0,1262.0,1262.0,1262.0,1262.0
HSV.L,2020-09-08 13:34:00,161.0,1263.6949462890625,1263.6949462890625,1263.6949462890625,1263.6949462890625
HSV.L,2020-09-08 13:28:00,330.0,1263.0,1263.0,1263.0,1263.0
HSV.L,2020-09-08 13:25:00,211.0,1264.0,1264.0,1264.0,1264.0
HSV.L,2020-09-08 13:23:00,521.0,1265.0,1265.0,1265.0,1265.0
HSV.L,2020-09-08 13:13:00,1652.0,1267.0,1268.0,1268.0,1266.0
HSV.L,2020-09-08 13:10:00,428.0,1269.0,1270.0,1270.0,1269.0
HSV.L,2020-09-08 13:07:00,10.0,1272.0,1272.0,1272.0,1272.0
HSV.L,2020-09-08 13:06:00,14.0,1272.0,1272.0,1272.0,1272.0
HSV.L,2020-09-08 13:05:00,341.0,1271.0,1271.0,1271.0,1271.0
HSV.L,2020-09-08 13:04:00,648.0,1272.0,1271.0,1272.0,1271.0
HSV.L,2020-09-08 13:02:00,13.0,1272.0,1272.0,1272.0,1272.0
HSV.L,2020-09-08 13:00:00,39.0,1271.0,1271.0,1271.0,1271.0
HSV.L,2020-09-08 12:59:00,670.0,1270.0,1270.0,1270.0,1270.0
HSV.L,2020-09-08 12:56:00,1354.0,1269.0,1268.0,1269.0,1268.0
HSV.L,2020-09-08 12:51:00,20.0,1268.0,1268.0,1268.0,1268.0
HSV.L,2020-09-08 12:50:00,46.0,1268.0,1268.0,1268.0,1268.0
HSV.L,2020-09-08 12:46:00,234.0,1267.0,1267.0,1267.0,1267.0
HSV.L,2020-09-08 12:45:00,270.0,1267.0,1267.0,1267.0,1267.0
HSV.L,2020-09-08 12:44:00,152.0,1267.0,1267.0,1267.0,1267.0
HSV.L,2020-09-08 12:42:00,650.0,1268.0,1268.0,1268.0,1268.0
HSV.L,2020-09-08 12:39:00,79.0,1267.3050537109375,1267.3050537109375,1267.3050537109375,1267.3050537109375
HSV.L,2020-09-08 12:38:00,322.0,1268.0,1268.0,1268.0,1268.0
HSV.L,2020-09-08 12:35:00,131.0,1269.0,1269.0,1269.0,1269.0
HSV.L,2020-09-08 12:34:00,358.0,1269.0,1269.0,1269.0,1269.0
HSV.L,2020-09-08 12:31:00,177.0,1271.0,1271.0,1271.0,1271.0
HSV.L,2020-09-08 12:29:00,1011.0,1273.0,1272.0,1273.0,1272.0
HSV.L,2020-09-08 12:28:00,14.0,1273.0,1273.0,1273.0,1273.0
HSV.L,2020-09-08 12:27:00,36.0,1273.0,1273.0,1273.0,1273.0
HSV.L,2020-09-08 12:26:00,206.0,1273.0,1273.0,1273.0,1271.3050537109375
HSV.L,2020-09-08 12:25:00,32.0,1273.0,1273.0,1273.0,1273.0
HSV.L,2020-09-08 12:24:00,17.0,1273.0,1273.0,1273.0,1273.0
HSV.L,2020-09-08 12:18:00,263.0,1272.0,1272.0,1272.0,1272.0
HSV.L,2020-09-08 12:17:00,379.0,1272.0,1272.0,1272.0,1272.0
HSV.L,2020-09-08 12:14:00,422.0,1273.0,1273.0,1273.0,1273.0
HSV.L,2020-09-08 12:11:00,156.0,1273.0,1273.0,1273.0,1273.0
HSV.L,2020-09-08 12:09:00,76.0,1271.3050537109375,1271.3050537109375,1271.3050537109375,1271.3050537109375
HSV.L,2020-09-08 12:07:00,356.0,1273.0,1273.0,1273.0,1273.0
HSV.L,2020-09-08 12:06:00,748.0,1274.0,1273.0,1274.0,1273.0
HSV.L,2020-09-08 12:05:00,228.0,1273.0,1273.0,1273.0,1273.0
HSV.L,2020-09-08 12:02:00,1071.0,1271.0,1268.0,1272.0,1268.0
HSV.L,2020-09-08 11:59:00,350.0,1271.0,1271.0,1271.0,1271.0
HSV.L,2020-09-08 11:58:00,135.0,1271.0,1271.0,1271.0,1271.0
HSV.L,2020-09-08 11:56:00,224.0,1271.0,1271.0,1271.0,1271.0
HSV.L,2020-09-08 11:55:00,987.0,1270.1524658203125,1271.0,1271.0,1270.1524658203125
HSV.L,2020-09-08 11:53:00,103.0,1272.0,1272.0,1272.0,1272.0
HSV.L,2020-09-08 11:52:00,157.0,1271.0,1271.0,1271.0,1271.0
HSV.L,2020-09-08 11:50:00,470.0,1273.0,1274.0,1274.0,1273.0
HSV.L,2020-09-08 11:36:00,42.0,1274.0,1274.0,1274.0,1274.0
HSV.L,2020-09-08 11:35:00,716.0,1275.0,1275.0,1275.0,1275.0
HSV.L,2020-09-08 11:34:00,14.0,1274.0,1274.0,1274.0,1274.0
HSV.L,2020-09-08 11:29:00,651.0,1276.0,1276.0,1276.0,1276.0
HSV.L,2020-09-08 11:25:00,273.0,1277.0,1277.0,1277.0,1277.0
HSV.L,2020-09-08 11:24:00,275.0,1278.0,1278.0,1278.0,1278.0
HSV.L,2020-09-08 11:23:00,3.0,1278.9437255859375,1278.9437255859375,1278.9437255859375,1278.9437255859375
HSV.L,2020-09-08 11:16:00,809.0,1278.0,1278.0,1278.0,1278.0
HSV.L,2020-09-08 11:12:00,585.0,1277.0,1277.0,1277.0,1277.0
HSV.L,2020-09-08 10:56:00,264.0,1277.0,1277.0,1277.0,1277.0
HSV.L,2020-09-08 10:55:00,965.0,1277.0,1277.0,1277.0,1277.0
HSV.L,2020-09-08 10:54:00,1504.0,1276.0,1276.0,1276.0,1276.0
HSV.L,2020-09-08 10:49:00,216.0,1277.0,1277.0,1277.0,1277.0
HSV.L,2020-09-08 10:48:00,38.0,1276.0,1276.0,1276.0,1276.0
HSV.L,2020-09-08 10:46:00,162.0,1275.0,1275.0,1275.0,1275.0
HSV.L,2020-09-08 10:45:00,3346.0,1274.0,1272.0,1274.0,1272.0
HSV.L,2020-09-08 10:44:00,400.0,1273.0,1273.0,1273.0,1273.0
HSV.L,2020-09-08 10:42:00,239.0,1275.0,1275.0,1275.0,1275.0
HSV.L,2020-09-08 10:34:00,152.0,1275.0,1275.0,1275.0,1275.0
HSV.L,2020-09-08 10:32:00,621.0,1276.0,1276.0,1276.0,1276.0
HSV.L,2020-09-08 10:31:00,1.0,1277.0,1277.0,1277.0,1277.0
HSV.L,2020-09-08 10:29:00,691.0,1277.0,1276.0,1277.0,1276.0
HSV.L,2020-09-08 10:27:00,1191.0,1275.0,1275.0,1275.0,1275.0
HSV.L,2020-09-08 10:23:00,136.0,1276.0,1276.0,1276.0,1276.0
HSV.L,2020-09-08 10:20:00,989.0,1277.0,1278.0,1278.0,1277.0
HSV.L,2020-09-08 10:17:00,113.0,1278.0,1278.0,1278.0,1278.0
HSV.L,2020-09-08 10:15:00,382.0,1277.0,1277.0,1277.0,1277.0
HSV.L,2020-09-08 10:14:00,37.0,1279.0,1279.0,1279.0,1279.0
HSV.L,2020-09-08 10:13:00,24.0,1279.0,1279.0,1279.0,1279.0
HSV.L,2020-09-08 10:12:00,322.0,1278.0,1278.0,1278.0,1278.0
HSV.L,2020-09-08 10:11:00,318.0,1278.0,1279.0,1279.0,1278.0
HSV.L,2020-09-08 10:10:00,109.0,1278.0,1278.0,1278.0,1278.0
HSV.L,2020-09-08 10:05:00,539.0,1277.0,1277.0,1277.0,1277.0
HSV.L,2020-09-08 10:04:00,257.0,1277.0,1276.0,1277.0,1276.0
HSV.L,2020-09-08 10:02:00,886.0,1275.0,1275.0,1275.0,1275.0
HSV.L,2020-09-08 09:58:00,1001.0,1274.0,1274.0,1274.0,1274.0
HSV.L,2020-09-08 09:57:00,842.0,1275.0,1274.0,1275.0,1274.0
HSV.L,2020-09-08 09:55:00,77.0,1273.6949462890625,1273.6949462890625,1273.6949462890625,1273.6949462890625
HSV.L,2020-09-08 09:53:00,302.0,1273.0,1273.0,1273.0,1273.0
HSV.L,2020-09-08 09:43:00,47.0,1274.0,1274.0,1274.0,1274.0
HSV.L,2020-09-08 09:39:00,1.0,1273.0,1273.0,1273.0,1273.0
HSV.L,2020-09-08 09:38:00,288.0,1275.0,1275.0,1275.0,1275.0
HSV.L,2020-09-08 09:35:00,239.0,1273.0,1273.0,1273.0,1273.0
HSV.L,2020-09-08 09:34:00,126.0,1272.0,1272.0,1272.0,1272.0
HSV.L,2020-09-08 09:29:00,710.0,1274.0,1273.0,1274.0,1273.0
HSV.L,2020-09-08 09:27:00,274.0,1271.0,1271.0,1271.0,1271.0
HSV.L,2020-09-08 09:26:00,65.0,1270.45751953125,1270.45751953125,1270.45751953125,1270.45751953125
HSV.L,2020-09-08 09:24:00,309.0,1270.449951171875,1270.449951171875,1270.449951171875,1270.449951171875
HSV.L,2020-09-08 09:20:00,34.0,1273.0,1273.0,1273.0,1273.0
HSV.L,2020-09-08 09:15:00,250.0,1277.0,1277.0,1277.0,1277.0
HSV.L,2020-09-08 09:14:00,491.0,1278.0,1279.0,1279.0,1278.0
HSV.L,2020-09-08 09:13:00,115.0,1280.699951171875,1280.699951171875,1280.699951171875,1280.699951171875
HSV.L,2020-09-08 09:07:00,569.0,1279.0,1280.0,1280.0,1279.0
HSV.L,2020-09-08 09:01:00,289.0,1281.0,1281.0,1281.0,1281.0
HSV.L,2020-09-08 08:59:00,169.0,1280.0,1280.0,1280.0,1280.0
HSV.L,2020-09-08 08:58:00,1745.0,1279.0,1281.0,1281.0,1278.0
HSV.L,2020-09-08 08:57:00,620.0,1280.0,1279.0,1280.0,1279.0
HSV.L,2020-09-08 08:56:00,2715.0,1278.0,1277.0,1278.0,1277.0
HSV.L,2020-09-08 08:55:00,674.0,1276.0,1276.0,1276.0,1276.0
HSV.L,2020-09-08 08:52:00,633.0,1276.0,1277.0,1277.0,1276.0
HSV.L,2020-09-08 08:47:00,516.0,1277.0,1277.0,1277.0,1277.0
HSV.L,2020-09-08 08:44:00,233.0,1276.0,1277.0,1278.0,1276.0
HSV.L,2020-09-08 08:42:00,105.0,1278.0,1278.0,1278.0,1278.0
HSV.L,2020-09-08 08:37:00,669.0,1283.0,1283.0,1283.0,1280.0
HSV.L,2020-09-08 08:35:00,154.0,1283.0,1283.0,1283.0,1283.0
HSV.L,2020-09-08 08:34:00,348.0,1285.0,1285.0,1285.0,1285.0
HSV.L,2020-09-08 08:33:00,766.0,1285.0,1285.0,1286.0,1285.0
HSV.L,2020-09-08 08:27:00,45.0,1284.0,1284.0,1284.0,1284.0
HSV.L,2020-09-08 08:26:00,401.0,1283.0,1282.0,1283.0,1282.0
HSV.L,2020-09-08 08:25:00,958.0,1281.0,1282.0,1283.0,1281.0
HSV.L,2020-09-08 08:22:00,250.0,1281.0,1281.0,1281.0,1281.0
HSV.L,2020-09-08 08:19:00,269.0,1286.0,1286.0,1286.0,1286.0
HSV.L,2020-09-08 08:18:00,250.0,1288.0,1288.0,1288.0,1288.0
HSV.L,2020-09-08 08:16:00,94.0,1288.0,1292.0,1292.0,1288.0
HSV.L,2020-09-08 08:15:00,4.0,1291.0,1291.0,1291.0,1291.0
HSV.L,2020-09-08 08:14:00,239.0,1291.0,1289.0,1291.0,1289.0
HSV.L,2020-09-08 08:11:00,1355.0,1287.0,1290.0,1291.0,1287.0
HSV.L,2020-09-08 08:10:00,3329.0,1289.0,1289.0,1290.0,1287.0
HSV.L,2020-09-08 08:09:00,1932.0,1288.0,1281.0,1288.0,1281.0
HSV.L,2020-09-08 08:08:00,103.0,1283.0,1282.0,1283.0,1282.0
HSV.L,2020-09-08 08:07:00,1474.0,1285.0,1288.0,1288.0,1285.0
HSV.L,2020-09-08 08:06:00,905.0,1288.0,1289.0,1289.0,1288.0
HSV.L,2020-09-08 08:03:00,1642.0,1293.0,1289.0,1294.0,1289.0
HSV.L,2020-09-08 08:02:00,261.0,1288.0,1288.0,1288.0,1288.0
HSV.L,2020-09-08 08:00:00,0.0,1289.0,1295.0,1295.0,1286.0
HSV.L,2020-09-07 16:29:00,4626.0,1288.0,1287.0,1288.0,1287.0
HSV.L,2020-09-07 16:28:00,1528.0,1286.0,1287.0,1287.0,1286.0
HSV.L,2020-09-07 16:26:00,1666.0,1286.0,1285.0,1286.0,1285.0
HSV.L,2020-09-07 16:25:00,1182.0,1285.0,1285.0,1285.0,1285.0
HSV.L,2020-09-07 16:19:00,105.0,1286.0,1286.0,1286.0,1286.0
HSV.L,2020-09-07 16:18:00,478.0,1286.0,1285.0,1286.0,1285.0
HSV.L,2020-09-07 16:17:00,1426.0,1284.0,1284.0,1284.0,1284.0
HSV.L,2020-09-07 16:14:00,248.0,1284.0,1284.0,1284.0,1284.0
HSV.L,2020-09-07 16:09:00,293.0,1284.0,1284.0,1284.0,1284.0
HSV.L,2020-09-07 16:08:00,433.0,1284.0,1284.0,1284.0,1284.0
HSV.L,2020-09-07 16:05:00,2095.0,1284.0,1283.0,1284.0,1283.0
HSV.L,2020-09-07 16:02:00,511.0,1284.0,1284.0,1284.0,1284.0
HSV.L,2020-09-07 16:01:00,436.0,1284.0,1284.0,1284.0,1284.0
HSV.L,2020-09-07 16:00:00,973.0,1283.0,1283.0,1283.0,1283.0
HSV.L,2020-09-07 15:59:00,242.0,1284.0,1284.0,1284.0,1284.0
HSV.L,2020-09-07 15:57:00,556.0,1284.0,1284.0,1284.0,1284.0
HSV.L,2020-09-07 15:56:00,390.0,1283.0,1283.0,1283.0,1283.0
HSV.L,2020-09-07 15:55:00,269.0,1284.0,1284.0,1284.0,1284.0
HSV.L,2020-09-07 15:54:00,260.0,1284.0,1284.0,1284.0,1284.0
HSV.L,2020-09-07 15:52:00,239.0,1284.0,1284.0,1284.0,1284.0
HSV.L,2020-09-07 15:51:00,2038.0,1283.0,1283.0,1283.0,1283.0
HSV.L,2020-09-07 15:49:00,1501.0,1284.0,1285.0,1285.0,1284.0
HSV.L,2020-09-07 15:45:00,519.0,1285.0,1285.0,1285.0,1285.0
HSV.L,2020-09-07 15:44:00,1147.0,1284.0,1284.0,1284.0,1284.0
HSV.L,2020-09-07 15:42:00,20.0,1284.0,1284.0,1284.0,1284.0
HSV.L,2020-09-07 15:41:00,1982.0,1283.0,1284.0,1284.0,1283.0
HSV.L,2020-09-07 15:39:00,249.0,1283.1524658203125,1283.1524658203125,1283.1524658203125,1283.1524658203125
HSV.L,2020-09-07 15:36:00,354.0,1283.0,1283.0,1283.0,1283.0
HSV.L,2020-09-07 15:35:00,3242.0,1284.0,1282.0,1284.0,1282.0
HSV.L,2020-09-07 15:32:00,440.0,1282.0,1281.0,1282.0,1281.0
HSV.L,2020-09-07 15:31:00,55.0,1280.943603515625,1280.943603515625,1280.943603515625,1280.943603515625
HSV.L,2020-09-07 15:29:00,81.0,1281.0,1281.0,1281.0,1281.0
HSV.L,2020-09-07 15:28:00,474.0,1281.0,1281.0,1281.0,1281.0
HSV.L,2020-09-07 15:27:00,1911.0,1282.0,1280.0,1282.0,1280.0
HSV.L,2020-09-07 15:26:00,366.0,1280.0,1280.0,1280.0,1280.0
HSV.L,2020-09-07 15:25:00,200.0,1280.0,1280.0,1280.0,1280.0
HSV.L,2020-09-07 15:22:00,1806.0,1279.0,1280.0,1280.0,1279.0
HSV.L,2020-09-07 15:19:00,326.0,1280.0,1280.0,1280.0,1280.0
HSV.L,2020-09-07 15:17:00,2123.0,1280.0,1280.0,1280.0,1279.0
HSV.L,2020-09-07 15:08:00,8.0,1280.0,1280.0,1280.0,1280.0
HSV.L,2020-09-07 15:05:00,1.0,1281.0,1281.0,1281.0,1281.0
HSV.L,2020-09-07 15:00:00,375.0,1281.68994140625,1281.68994140625,1281.68994140625,1281.68994140625
HSV.L,2020-09-07 14:57:00,839.0,1282.0,1283.0,1283.0,1282.0
HSV.L,2020-09-07 14:55:00,20.0,1283.0,1282.0,1283.0,1282.0
HSV.L,2020-09-07 14:54:00,239.0,1283.0,1283.0,1283.0,1283.0
HSV.L,2020-09-07 14:53:00,1014.0,1283.0,1283.0,1283.0,1283.0
HSV.L,2020-09-07 14:50:00,237.0,1284.0,1284.0,1284.0,1284.0
HSV.L,2020-09-07 14:49:00,676.0,1284.0,1284.0,1284.0,1284.0
HSV.L,2020-09-07 14:47:00,8.0,1282.0,1282.0,1282.0,1282.0
HSV.L,2020-09-07 14:46:00,508.0,1282.0,1282.0,1282.0,1282.0
HSV.L,2020-09-07 14:45:00,10.0,1281.0,1281.0,1281.0,1281.0
HSV.L,2020-09-07 14:44:00,150.0,1280.0,1280.0,1280.0,1280.0
HSV.L,2020-09-07 14:43:00,216.0,1279.0,1279.0,1279.0,1279.0
HSV.L,2020-09-07 14:42:00,200.0,1279.0,1279.0,1279.0,1279.0
HSV.L,2020-09-07 14:40:00,162.0,1278.0,1278.0,1278.0,1278.0
HSV.L,2020-09-07 14:36:00,293.0,1278.0,1277.300048828125,1278.0,1277.300048828125
HSV.L,2020-09-07 14:34:00,2274.0,1278.0,1278.0,1278.0,1278.0
HSV.L,2020-09-07 14:32:00,29.0,1279.0,1280.0,1280.0,1279.0
HSV.L,2020-09-07 14:31:00,427.0,1278.0,1279.0,1279.0,1278.0
HSV.L,2020-09-07 14:22:00,691.0,1279.0,1280.0,1280.0,1279.0
HSV.L,2020-09-07 14:21:00,766.0,1280.0,1280.0,1280.0,1280.0
HSV.L,2020-09-07 14:10:00,3382.0,1280.0,1279.0,1280.0,1279.0
HSV.L,2020-09-07 14:08:00,518.0,1280.0,1279.0,1280.0,1279.0
HSV.L,2020-09-07 14:07:00,1464.0,1280.0,1282.0,1282.0,1280.0
HSV.L,2020-09-07 14:01:00,15.0,1282.3050537109375,1282.3050537109375,1282.3050537109375,1282.3050537109375
HSV.L,2020-09-07 13:51:00,2079.0,1283.0,1282.0,1283.0,1281.0
HSV.L,2020-09-07 13:50:00,31.0,1282.0,1282.0,1282.0,1282.0
HSV.L,2020-09-07 13:49:00,2761.0,1282.0,1282.0,1283.0,1282.0
HSV.L,2020-09-07 13:41:00,270.0,1281.0,1281.0,1281.0,1281.0
HSV.L,2020-09-07 13:25:00,375.0,1282.0,1282.0,1282.0,1282.0
HSV.L,2020-09-07 13:23:00,108.0,1283.0,1283.0,1283.0,1283.0
HSV.L,2020-09-07 13:20:00,441.0,1282.0,1282.0,1282.0,1282.0
HSV.L,2020-09-07 13:08:00,4361.0,1282.0,1284.0,1284.0,1282.0
HSV.L,2020-09-07 13:03:00,1000.0,1283.0,1283.0,1283.0,1283.0
HSV.L,2020-09-07 13:01:00,298.0,1281.0,1283.0,1283.0,1281.0
HSV.L,2020-09-07 13:00:00,1152.0,1283.0,1283.0,1283.0,1283.0
HSV.L,2020-09-07 12:59:00,416.0,1284.0,1284.0,1284.0,1284.0
HSV.L,2020-09-07 12:50:00,393.0,1284.0,1283.0,1285.0,1283.0
HSV.L,2020-09-07 12:43:00,1272.0,1284.0,1284.0,1284.0,1284.0
HSV.L,2020-09-07 12:35:00,646.0,1285.0,1285.0,1285.0,1285.0
HSV.L,2020-09-07 12:24:00,15.0,1287.0,1287.0,1287.0,1287.0
HSV.L,2020-09-07 12:18:00,486.0,1286.0,1286.0,1286.0,1286.0
HSV.L,2020-09-07 12:12:00,1011.0,1284.0,1285.0,1285.0,1284.0
HSV.L,2020-09-07 12:09:00,250.0,1285.0,1285.0,1285.0,1285.0
HSV.L,2020-09-07 12:08:00,3146.0,1284.0,1286.0,1286.0,1284.0
HSV.L,2020-09-07 12:06:00,472.0,1282.0,1281.0,1282.0,1281.0
HSV.L,2020-09-07 12:03:00,933.0,1281.0,1281.0,1281.0,1281.0
HSV.L,2020-09-07 12:02:00,2576.0,1281.0,1281.0,1281.0,1279.0
HSV.L,2020-09-07 11:59:00,5598.0,1282.0,1282.0,1283.0,1281.0
HSV.L,2020-09-07 11:57:00,464.0,1282.0,1282.0,1282.0,1282.0
HSV.L,2020-09-07 11:53:00,794.0,1282.0,1282.0,1282.0,1282.0
HSV.L,2020-09-07 11:48:00,3865.0,1281.0,1279.0,1281.0,1279.0
HSV.L,2020-09-07 11:47:00,369.0,1278.0,1278.0,1278.0,1278.0
HSV.L,2020-09-07 11:45:00,4.0,1278.0,1278.0,1278.0,1278.0
HSV.L,2020-09-07 11:44:00,1311.0,1277.0,1277.0,1277.0,1277.0
HSV.L,2020-09-07 11:40:00,500.0,1275.3050537109375,1275.3050537109375,1275.3050537109375,1275.3050537109375
HSV.L,2020-09-07 11:36:00,107.0,1276.0,1276.0,1276.0,1276.0
HSV.L,2020-09-07 11:25:00,11.0,1277.0,1277.0,1277.0,1277.0
HSV.L,2020-09-07 11:20:00,672.0,1275.0,1275.0,1275.0,1275.0
HSV.L,2020-09-07 11:12:00,238.0,1274.0,1274.0,1274.0,1274.0
HSV.L,2020-09-07 11:05:00,838.0,1273.0,1273.0,1273.0,1273.0
HSV.L,2020-09-07 11:01:00,77.0,1272.0,1272.0,1272.0,1272.0
HSV.L,2020-09-07 11:00:00,892.0,1271.3050537109375,1272.68994140625,1272.68994140625,1271.0
HSV.L,2020-09-07 10:57:00,4.0,1271.0,1271.0,1271.0,1271.0
HSV.L,2020-09-07 10:47:00,1531.0,1272.0,1273.0,1273.0,1272.0
HSV.L,2020-09-07 10:43:00,77.0,1274.68994140625,1274.68994140625,1274.68994140625,1274.68994140625
HSV.L,2020-09-07 10:38:00,477.0,1273.0,1273.0,1273.0,1273.0
HSV.L,2020-09-07 10:37:00,780.0,1272.0,1271.0,1272.0,1271.0
HSV.L,2020-09-07 10:35:00,393.0,1271.0,1271.0,1271.0,1271.0
HSV.L,2020-09-07 10:34:00,1566.0,1272.0,1273.0,1273.0,1272.0
HSV.L,2020-09-07 10:27:00,235.0,1274.68994140625,1274.68994140625,1274.68994140625,1274.68994140625
HSV.L,2020-09-07 10:26:00,391.0,1274.68994140625,1274.68994140625,1274.68994140625,1274.68994140625
HSV.L,2020-09-07 10:25:00,612.0,1274.0,1274.0,1274.0,1274.0
HSV.L,2020-09-07 10:22:00,188.0,1275.68994140625,1275.68994140625,1275.68994140625,1275.68994140625
HSV.L,2020-09-07 10:21:00,807.0,1276.0,1276.0,1276.0,1276.0
HSV.L,2020-09-07 10:17:00,151.0,1276.300048828125,1276.300048828125,1276.300048828125,1276.300048828125
HSV.L,2020-09-07 10:16:00,623.0,1277.0,1277.0,1277.0,1277.0
HSV.L,2020-09-07 10:10:00,3728.0,1276.0,1276.4263916015625,1276.4263916015625,1275.0
HSV.L,2020-09-07 10:08:00,3.0,1275.0,1275.0,1275.0,1275.0
HSV.L,2020-09-07 10:00:00,875.0,1274.0,1271.0,1274.0,1271.0
HSV.L,2020-09-07 09:57:00,202.0,1271.0,1271.0,1271.0,1271.0
HSV.L,2020-09-07 09:50:00,23.0,1273.0,1273.0,1273.0,1273.0
HSV.L,2020-09-07 09:42:00,838.0,1273.0,1275.0,1275.0,1273.0
HSV.L,2020-09-07 09:39:00,668.0,1275.0,1275.0,1275.0,1275.0
HSV.L,2020-09-07 09:35:00,256.0,1274.0,1274.0,1274.0,1274.0
HSV.L,2020-09-07 09:34:00,78.0,1274.0,1274.0,1274.0,1274.0
HSV.L,2020-09-07 09:32:00,1148.0,1275.0,1275.0,1275.0,1275.0
HSV.L,2020-09-07 09:28:00,51.0,1274.0,1274.0,1274.0,1274.0
HSV.L,2020-09-07 09:27:00,1000.0,1272.097900390625,1272.097900390625,1272.097900390625,1272.097900390625
HSV.L,2020-09-07 09:23:00,340.0,1270.0,1270.0,1271.0,1270.0
HSV.L,2020-09-07 09:21:00,154.0,1269.0,1269.0,1269.0,1269.0
HSV.L,2020-09-07 09:14:00,1271.0,1270.0,1271.0,1271.0,1270.0
HSV.L,2020-09-07 09:04:00,1763.0,1271.0,1270.0,1272.0,1270.0
HSV.L,2020-09-07 08:58:00,763.0,1268.0,1269.0,1269.0,1268.0
HSV.L,2020-09-07 08:57:00,400.0,1269.0,1271.0,1271.0,1269.0
HSV.L,2020-09-07 08:56:00,1693.0,1270.0,1270.0,1270.0,1270.0
HSV.L,2020-09-07 08:55:00,3.0,1271.0,1271.0,1271.0,1271.0
HSV.L,2020-09-07 08:53:00,275.0,1270.8475341796875,1270.8475341796875,1270.8475341796875,1270.8475341796875
HSV.L,2020-09-07 08:52:00,100.0,1270.8499755859375,1270.8499755859375,1270.8499755859375,1270.8499755859375
HSV.L,2020-09-07 08:49:00,45.0,1271.0,1271.0,1271.0,1271.0
HSV.L,2020-09-07 08:45:00,2365.0,1268.0,1268.0,1268.0,1266.0
HSV.L,2020-09-07 08:40:00,5.0,1264.0,1264.0,1264.0,1264.0
HSV.L,2020-09-07 08:38:00,671.0,1267.0,1267.0,1267.0,1267.0
HSV.L,2020-09-07 08:33:00,3171.0,1267.0,1265.0,1267.0,1264.0
HSV.L,2020-09-07 08:31:00,1335.0,1266.0,1267.0,1267.0,1265.0
HSV.L,2020-09-07 08:30:00,1938.0,1264.0,1264.0,1264.0,1264.0
HSV.L,2020-09-07 08:28:00,1819.0,1258.0,1261.0,1261.0,1258.0
HSV.L,2020-09-07 08:27:00,1379.0,1259.8199462890625,1259.8199462890625,1259.8199462890625,1259.8199462890625
HSV.L,2020-09-07 08:25:00,12.0,1264.0,1264.0,1264.0,1264.0
HSV.L,2020-09-07 08:20:00,688.0,1261.0,1259.0,1261.0,1259.0
HSV.L,2020-09-07 08:15:00,514.0,1257.0,1257.0,1257.0,1257.0
HSV.L,2020-09-07 08:14:00,10.0,1260.0,1257.0,1260.0,1257.0
HSV.L,2020-09-07 08:12:00,198.0,1259.0,1259.0,1259.0,1259.0
HSV.L,2020-09-07 08:09:00,48.0,1259.0,1259.0,1259.0,1259.0
HSV.L,2020-09-07 08:08:00,185.0,1258.0,1258.0,1258.0,1258.0
HSV.L,2020-09-07 08:07:00,1594.0,1257.0,1256.0,1258.0,1256.0
HSV.L,2020-09-07 08:06:00,1579.0,1255.0,1257.0,1258.0,1255.0
HSV.L,2020-09-07 08:05:00,1811.0,1254.0,1254.0,1255.0,1254.0
HSV.L,2020-09-07 08:04:00,577.0,1254.0,1253.0,1254.0,1253.0
HSV.L,2020-09-07 08:03:00,297.0,1254.0,1253.0,1254.0,1253.0
HSV.L,2020-09-07 08:02:00,2320.0,1253.0,1247.0,1253.0,1247.0
HSV.L,2020-09-07 08:00:00,0.0,1243.0,1235.0,1243.0,1234.0
HSV.L,2020-09-04 16:29:00,2794.0,1241.0,1241.0,1241.0,1241.0
HSV.L,2020-09-04 16:28:00,238.0,1240.419189453125,1240.0,1240.419189453125,1240.0
HSV.L,2020-09-04 16:27:00,1812.0,1240.0,1241.0,1241.0,1240.0
HSV.L,2020-09-04 16:26:00,1865.0,1241.0,1242.0,1242.0,1241.0
HSV.L,2020-09-04 16:25:00,1832.0,1243.0,1243.0,1243.0,1243.0
HSV.L,2020-09-04 16:24:00,2672.0,1243.0,1243.0,1244.0,1243.0
HSV.L,2020-09-04 16:23:00,33.0,1242.3050537109375,1242.3050537109375,1242.3050537109375,1242.3050537109375
HSV.L,2020-09-04 16:22:00,5794.0,1243.0,1242.8929443359375,1244.0,1242.0
HSV.L,2020-09-04 16:21:00,5.0,1244.0,1244.0,1244.0,1244.0
HSV.L,2020-09-04 16:20:00,3044.0,1244.0,1241.0,1244.0,1241.0
HSV.L,2020-09-04 16:19:00,2166.0,1239.0,1239.0,1240.0,1239.0
HSV.L,2020-09-04 16:18:00,115.0,1240.0,1241.0,1241.0,1240.0
HSV.L,2020-09-04 16:16:00,1932.0,1241.0,1242.0,1242.0,1241.0
HSV.L,2020-09-04 16:15:00,37.0,1241.0,1241.0,1241.0,1241.0
HSV.L,2020-09-04 16:14:00,2462.0,1241.0,1240.0,1241.0,1240.0
HSV.L,2020-09-04 16:13:00,386.0,1242.0,1241.0,1242.0,1241.0
HSV.L,2020-09-04 16:12:00,716.0,1241.0,1241.0,1241.0,1241.0
HSV.L,2020-09-04 16:11:00,183.0,1242.0,1242.0,1242.0,1242.0
HSV.L,2020-09-04 16:10:00,1662.0,1242.0,1241.0,1242.0,1241.0
HSV.L,2020-09-04 16:09:00,4763.0,1242.0,1242.0,1242.0,1242.0
HSV.L,2020-09-04 16:05:00,486.0,1244.0,1244.0,1244.0,1244.0
HSV.L,2020-09-04 16:04:00,1562.0,1245.0,1246.0,1246.0,1244.0
HSV.L,2020-09-04 16:03:00,252.0,1245.0,1245.0,1245.0,1245.0
HSV.L,2020-09-04 16:02:00,2227.0,1245.0,1244.0,1245.0,1244.0
HSV.L,2020-09-04 16:01:00,120.0,1248.0,1248.0,1248.0,1248.0
HSV.L,2020-09-04 16:00:00,1517.0,1249.0,1250.0,1250.0,1249.0
HSV.L,2020-09-04 15:59:00,1428.0,1250.0,1253.0,1253.0,1250.0
HSV.L,2020-09-04 15:57:00,1153.0,1250.0,1249.68505859375,1250.0,1249.0
HSV.L,2020-09-04 15:56:00,344.0,1249.0,1249.0,1249.0,1249.0
HSV.L,2020-09-04 15:55:00,1922.0,1249.0,1248.0,1249.0,1248.0
HSV.L,2020-09-04 15:54:00,766.0,1249.0,1249.0,1249.0,1249.0
HSV.L,2020-09-04 15:51:00,205.0,1249.0,1248.0,1249.0,1248.0
HSV.L,2020-09-04 15:50:00,861.0,1248.0,1247.0,1248.0,1247.0
HSV.L,2020-09-04 15:49:00,1020.0,1249.0,1247.0,1249.0,1246.3050537109375
HSV.L,2020-09-04 15:48:00,1329.0,1246.0,1244.0,1246.0,1244.0
HSV.L,2020-09-04 15:46:00,863.0,1243.0,1242.0,1243.0,1242.0
HSV.L,2020-09-04 15:45:00,2111.0,1240.0,1239.0,1240.0,1239.0
HSV.L,2020-09-04 15:44:00,39.0,1238.68505859375,1238.68505859375,1238.68505859375,1238.68505859375
HSV.L,2020-09-04 15:43:00,1320.0,1238.0,1239.0,1239.0,1238.0
HSV.L,2020-09-04 15:42:00,1070.0,1240.0,1240.0,1240.0,1240.0
HSV.L,2020-09-04 15:40:00,180.0,1241.0,1241.0,1241.0,1241.0
HSV.L,2020-09-04 15:38:00,1377.0,1242.0,1242.0,1242.0,1241.0
HSV.L,2020-09-04 15:37:00,439.0,1242.0,1242.3050537109375,1242.3050537109375,1242.0
HSV.L,2020-09-04 15:36:00,546.0,1244.0,1244.0,1244.0,1243.0
HSV.L,2020-09-04 15:35:00,846.0,1245.0,1244.0,1245.0,1244.0
HSV.L,2020-09-04 15:34:00,774.0,1245.0,1246.0,1246.0,1245.0
HSV.L,2020-09-04 15:33:00,894.0,1247.0,1248.0,1248.0,1247.0
HSV.L,2020-09-04 15:32:00,326.0,1249.68505859375,1249.68505859375,1249.68505859375,1249.68505859375
HSV.L,2020-09-04 15:29:00,1098.0,1249.68505859375,1249.0,1249.68505859375,1249.0
HSV.L,2020-09-04 15:28:00,819.0,1250.0,1250.0,1250.0,1250.0
HSV.L,2020-09-04 15:27:00,552.0,1251.0,1251.0,1251.0,1251.0
HSV.L,2020-09-04 15:26:00,656.0,1252.0,1252.0,1252.0,1252.0
HSV.L,2020-09-04 15:24:00,1586.0,1254.0,1254.0,1254.0,1253.0
HSV.L,2020-09-04 15:23:00,1025.0,1255.68505859375,1254.0,1255.68505859375,1254.0
HSV.L,2020-09-04 15:21:00,2206.0,1253.0,1253.0,1253.0,1253.0
HSV.L,2020-09-04 15:20:00,5.0,1253.0,1253.0,1253.0,1253.0
HSV.L,2020-09-04 15:19:00,1765.0,1254.68505859375,1255.0,1256.0,1254.68505859375
HSV.L,2020-09-04 15:18:00,461.0,1256.0,1256.0,1256.0,1256.0
HSV.L,2020-09-04 15:17:00,897.0,1257.0,1257.0,1257.0,1257.0
HSV.L,2020-09-04 15:16:00,618.0,1258.0,1258.0,1258.0,1258.0
HSV.L,2020-09-04 15:15:00,638.0,1259.0,1259.0,1259.0,1259.0
HSV.L,2020-09-04 15:14:00,873.0,1258.0,1259.0,1259.0,1258.0
HSV.L,2020-09-04 15:13:00,727.0,1260.0,1260.0,1260.0,1260.0
HSV.L,2020-09-04 15:10:00,39.0,1261.68994140625,1261.68994140625,1261.68994140625,1261.68994140625
HSV.L,2020-09-04 15:07:00,600.0,1262.0,1262.0,1262.0,1262.0
HSV.L,2020-09-04 15:05:00,1723.0,1262.0,1262.0,1262.0,1262.0
HSV.L,2020-09-04 15:04:00,1.0,1264.0,1264.0,1264.0,1264.0
HSV.L,2020-09-04 15:02:00,473.0,1263.0,1263.0,1263.0,1263.0
HSV.L,2020-09-04 15:01:00,2274.0,1263.0,1262.0,1263.0,1262.0
HSV.L,2020-09-04 14:58:00,222.0,1261.0,1261.0,1261.0,1261.0
HSV.L,2020-09-04 14:57:00,39.0,1261.6949462890625,1261.6949462890625,1261.6949462890625,1261.6949462890625
HSV.L,2020-09-04 14:55:00,373.0,1260.300048828125,1260.300048828125,1260.300048828125,1260.300048828125
HSV.L,2020-09-04 14:54:00,598.0,1261.0,1261.0,1261.0,1261.0
HSV.L,2020-09-04 14:53:00,799.0,1261.0,1262.0,1262.0,1261.0
HSV.L,2020-09-04 14:48:00,3124.0,1263.0,1264.0,1264.0,1263.0
HSV.L,2020-09-04 14:47:00,1070.0,1265.0,1266.0,1266.0,1265.0
HSV.L,2020-09-04 14:45:00,1878.0,1267.0,1269.0,1269.0,1267.0
HSV.L,2020-09-04 14:44:00,39.0,1269.8475341796875,1269.8475341796875,1269.8475341796875,1269.8475341796875
HSV.L,2020-09-04 14:43:00,99.0,1270.0,1270.0,1270.0,1270.0
HSV.L,2020-09-04 14:42:00,1171.0,1271.0,1272.0,1272.0,1271.0
HSV.L,2020-09-04 14:41:00,78.0,1273.0,1273.0,1273.0,1273.0
HSV.L,2020-09-04 14:40:00,226.0,1273.0,1274.0,1274.0,1273.0
HSV.L,2020-09-04 14:32:00,318.0,1274.0,1274.0,1274.0,1274.0
HSV.L,2020-09-04 14:29:00,961.0,1273.0,1273.0,1273.0,1273.0
HSV.L,2020-09-04 14:25:00,1552.0,1274.0,1274.0,1274.0,1274.0
HSV.L,2020-09-04 14:20:00,475.0,1275.0,1275.0,1275.0,1275.0
HSV.L,2020-09-04 14:19:00,386.0,1275.0,1275.0,1275.0,1275.0
HSV.L,2020-09-04 14:15:00,130.0,1276.0,1276.0,1276.0,1276.0
HSV.L,2020-09-04 14:14:00,911.0,1275.0,1275.0,1275.0,1275.0
HSV.L,2020-09-04 14:13:00,137.0,1275.0,1275.0,1275.0,1275.0
HSV.L,2020-09-04 13:57:00,2659.0,1274.0,1274.0,1274.0,1274.0
HSV.L,2020-09-04 13:56:00,675.0,1276.0,1276.0,1276.0,1276.0
HSV.L,2020-09-04 13:53:00,221.0,1275.0,1274.8475341796875,1275.0,1274.8475341796875
HSV.L,2020-09-04 13:51:00,154.0,1275.0,1275.0,1275.0,1275.0
HSV.L,2020-09-04 13:48:00,2850.0,1273.0,1273.0,1274.0,1273.0
HSV.L,2020-09-04 13:32:00,1.0,1270.0,1270.0,1270.0,1270.0
HSV.L,2020-09-04 13:31:00,250.0,1268.0,1268.0,1268.0,1268.0
HSV.L,2020-09-04 13:30:00,694.0,1270.0,1269.0,1270.0,1269.0
HSV.L,2020-09-04 13:29:00,1.0,1269.0,1269.0,1269.0,1269.0
HSV.L,2020-09-04 13:22:00,1062.0,1268.0,1268.0,1268.0,1268.0
HSV.L,2020-09-04 13:21:00,7.0,1269.0,1269.0,1269.0,1269.0
HSV.L,2020-09-04 13:20:00,387.0,1269.0,1269.0,1269.0,1269.0
HSV.L,2020-09-04 13:15:00,378.0,1269.3050537109375,1269.3050537109375,1269.3050537109375,1269.3050537109375
HSV.L,2020-09-04 13:14:00,55.0,1269.6949462890625,1269.6949462890625,1269.6949462890625,1269.6949462890625
HSV.L,2020-09-04 13:11:00,250.0,1269.0,1269.0,1269.0,1269.0
HSV.L,2020-09-04 13:10:00,22.0,1270.0,1270.0,1270.0,1270.0
HSV.L,2020-09-04 13:09:00,2.0,1271.0,1271.0,1271.0,1271.0
HSV.L,2020-09-04 13:05:00,43.0,1271.0,1271.0,1271.0,1271.0
HSV.L,2020-09-04 13:02:00,213.0,1270.0,1270.0,1270.0,1270.0
HSV.L,2020-09-04 12:55:00,2284.0,1270.0,1270.0,1270.0,1270.0
HSV.L,2020-09-04 12:51:00,1021.0,1271.0,1270.0,1271.0,1270.0
HSV.L,2020-09-04 12:49:00,206.0,1270.0,1270.0,1270.0,1270.0
HSV.L,2020-09-04 12:48:00,470.0,1269.0,1269.0,1269.0,1269.0
HSV.L,2020-09-04 12:47:00,1.0,1271.0,1271.0,1271.0,1271.0
HSV.L,2020-09-04 12:32:00,932.0,1270.0,1270.0,1270.0,1270.0
HSV.L,2020-09-04 12:31:00,167.0,1269.0,1269.0,1269.0,1269.0
HSV.L,2020-09-04 12:30:00,1162.0,1270.0,1270.0,1270.0,1270.0
HSV.L,2020-09-04 12:29:00,197.0,1271.0,1271.0,1271.0,1271.0
HSV.L,2020-09-04 12:28:00,360.0,1272.0,1272.0,1272.0,1272.0
HSV.L,2020-09-04 12:23:00,249.0,1273.0,1273.0,1273.0,1273.0
HSV.L,2020-09-04 12:21:00,7.0,1274.0,1274.0,1274.0,1274.0
HSV.L,2020-09-04 12:20:00,47.0,1274.0,1274.0,1274.0,1274.0
HSV.L,2020-09-04 12:19:00,344.0,1274.0,1274.0,1274.0,1274.0
HSV.L,2020-09-04 12:15:00,323.0,1274.0,1274.0,1274.0,1274.0
HSV.L,2020-09-04 12:11:00,240.0,1276.0,1276.0,1276.0,1276.0
HSV.L,2020-09-04 12:04:00,404.0,1278.0,1277.0,1278.0,1277.0
HSV.L,2020-09-04 12:03:00,2280.0,1276.0,1279.0,1279.0,1276.0
HSV.L,2020-09-04 12:02:00,39.0,1277.0,1277.0,1277.0,1277.0
HSV.L,2020-09-04 11:56:00,91.0,1280.0,1280.0,1280.0,1280.0
HSV.L,2020-09-04 11:55:00,832.0,1280.0,1280.0,1280.0,1280.0
HSV.L,2020-09-04 11:51:00,52.0,1280.3050537109375,1280.0,1280.3050537109375,1280.0
HSV.L,2020-09-04 11:47:00,402.0,1281.0,1281.0,1281.0,1281.0
HSV.L,2020-09-04 11:42:00,122.0,1282.0,1282.0,1282.0,1282.0
HSV.L,2020-09-04 11:39:00,100.0,1281.0,1281.0,1281.0,1281.0
HSV.L,2020-09-04 11:38:00,199.0,1281.0,1281.0,1281.0,1281.0
HSV.L,2020-09-04 11:35:00,880.0,1282.0,1282.0,1282.0,1282.0
HSV.L,2020-09-04 11:34:00,45.0,1281.0,1281.0,1281.0,1281.0
HSV.L,2020-09-04 11:33:00,1512.0,1281.0,1280.0,1281.0,1280.0
HSV.L,2020-09-04 11:27:00,7.0,1278.0,1278.0,1278.0,1278.0
HSV.L,2020-09-04 11:22:00,1.0,1279.0,1279.0,1279.0,1279.0
HSV.L,2020-09-04 11:21:00,471.0,1280.0,1281.0,1281.0,1280.0
HSV.L,2020-09-04 11:19:00,493.0,1281.0,1281.0,1281.0,1281.0
HSV.L,2020-09-04 11:16:00,38.0,1280.0,1280.0,1280.0,1280.0
HSV.L,2020-09-04 11:15:00,1048.0,1281.0,1281.0,1281.0,1281.0
HSV.L,2020-09-04 11:11:00,1159.0,1281.3050537109375,1281.3050537109375,1281.3050537109375,1281.3050537109375
HSV.L,2020-09-04 11:10:00,582.0,1282.0,1282.0,1282.0,1282.0
HSV.L,2020-09-04 10:57:00,385.0,1282.3050537109375,1282.3050537109375,1282.3050537109375,1282.3050537109375
HSV.L,2020-09-04 10:56:00,445.0,1283.0,1283.0,1283.0,1283.0
HSV.L,2020-09-04 10:54:00,195.0,1283.0,1283.0,1283.0,1283.0
HSV.L,2020-09-04 10:53:00,1945.0,1283.0,1285.0,1285.0,1283.0
HSV.L,2020-09-04 10:49:00,146.0,1284.0,1284.0,1284.0,1284.0
HSV.L,2020-09-04 10:48:00,2815.0,1285.0,1283.0,1286.0,1283.0
HSV.L,2020-09-04 10:47:00,39.0,1283.0,1283.0,1283.0,1283.0
HSV.L,2020-09-04 10:38:00,642.0,1283.0,1283.0,1283.0,1283.0
HSV.L,2020-09-04 10:35:00,443.0,1284.0,1284.0,1284.0,1284.0
HSV.L,2020-09-04 10:34:00,1.0,1283.0,1283.0,1283.0,1283.0
HSV.L,2020-09-04 10:32:00,1.0,1284.0,1284.0,1284.0,1284.0
HSV.L,2020-09-04 10:30:00,741.0,1284.0,1285.0,1285.0,1284.0
HSV.L,2020-09-04 10:22:00,70.0,1287.0,1287.0,1287.0,1287.0
HSV.L,2020-09-04 10:07:00,1002.0,1287.0,1287.0,1287.0,1287.0
HSV.L,2020-09-04 10:06:00,346.0,1288.0,1288.0,1288.0,1288.0
HSV.L,2020-09-04 10:05:00,306.0,1288.0,1288.0,1288.0,1288.0
HSV.L,2020-09-04 10:03:00,32.0,1286.0,1286.0,1286.0,1286.0
HSV.L,2020-09-04 10:00:00,311.0,1287.0,1287.0,1287.0,1287.0
HSV.L,2020-09-04 09:57:00,677.0,1286.0,1286.0,1286.0,1286.0
HSV.L,2020-09-04 09:55:00,103.0,1285.0,1285.0,1285.0,1285.0
HSV.L,2020-09-04 09:46:00,1353.0,1285.0,1287.0,1287.0,1285.0
HSV.L,2020-09-04 09:40:00,2.0,1289.0,1289.0,1289.0,1289.0
HSV.L,2020-09-04 09:38:00,1.0,1288.0,1288.0,1288.0,1288.0
HSV.L,2020-09-04 09:34:00,221.0,1287.0,1287.0,1287.0,1287.0
HSV.L,2020-09-04 09:32:00,1601.0,1285.0,1283.0,1285.0,1283.0
HSV.L,2020-09-04 09:29:00,121.0,1284.0,1284.0,1284.0,1284.0
HSV.L,2020-09-04 09:28:00,1.0,1283.0,1283.0,1283.0,1283.0
HSV.L,2020-09-04 09:26:00,563.0,1284.0,1285.0,1285.0,1284.0
HSV.L,2020-09-04 09:19:00,550.0,1287.0,1287.0,1287.0,1286.0
HSV.L,2020-09-04 09:17:00,138.0,1288.0,1288.0,1288.0,1288.0
HSV.L,2020-09-04 09:15:00,331.0,1287.0,1287.0,1287.0,1287.0
HSV.L,2020-09-04 09:14:00,447.0,1287.0,1286.0,1287.0,1286.0
HSV.L,2020-09-04 09:13:00,561.0,1283.0,1284.0,1284.0,1283.0
HSV.L,2020-09-04 09:12:00,293.0,1284.0,1284.0,1284.0,1284.0
HSV.L,2020-09-04 09:08:00,64.0,1284.0,1284.0,1284.0,1284.0
HSV.L,2020-09-04 09:00:00,140.0,1284.0,1284.0,1284.0,1284.0
HSV.L,2020-09-04 08:57:00,1.0,1287.0,1287.0,1287.0,1287.0
HSV.L,2020-09-04 08:54:00,858.0,1287.0,1286.0,1287.0,1286.0
HSV.L,2020-09-04 08:47:00,140.0,1283.0,1283.0,1283.0,1283.0
HSV.L,2020-09-04 08:46:00,237.0,1285.0,1285.0,1285.0,1285.0
HSV.L,2020-09-04 08:40:00,250.0,1282.0,1282.0,1282.0,1282.0
HSV.L,2020-09-04 08:39:00,184.0,1282.0,1282.0,1282.0,1282.0
HSV.L,2020-09-04 08:37:00,670.0,1280.0,1283.0,1283.0,1280.0
HSV.L,2020-09-04 08:35:00,78.0,1283.550048828125,1283.550048828125,1283.550048828125,1283.550048828125
HSV.L,2020-09-04 08:32:00,591.0,1283.0,1283.0,1283.0,1283.0
HSV.L,2020-09-04 08:31:00,115.0,1282.0,1282.0,1282.0,1282.0
HSV.L,2020-09-04 08:30:00,2225.0,1282.0,1279.0,1282.0,1278.0
HSV.L,2020-09-04 08:26:00,11.0,1276.0,1276.0,1276.0,1276.0
HSV.L,2020-09-04 08:23:00,455.0,1277.0,1276.0,1277.0,1276.0
HSV.L,2020-09-04 08:22:00,142.0,1276.0,1276.0,1276.0,1276.0
HSV.L,2020-09-04 08:19:00,287.0,1270.0,1270.0,1270.0,1270.0
HSV.L,2020-09-04 08:15:00,454.0,1271.0,1269.0,1271.0,1269.0
HSV.L,2020-09-04 08:14:00,299.0,1269.0,1269.0,1269.0,1269.0
HSV.L,2020-09-04 08:12:00,2465.0,1270.0,1269.0,1272.0,1269.0
HSV.L,2020-09-04 08:10:00,39.0,1268.79296875,1268.79296875,1268.79296875,1268.79296875
HSV.L,2020-09-04 08:09:00,448.0,1268.0,1267.0,1268.0,1267.0
HSV.L,2020-09-04 08:08:00,297.0,1268.0,1268.0,1268.0,1268.0
HSV.L,2020-09-04 08:07:00,1459.0,1267.0,1271.0,1271.0,1267.0
HSV.L,2020-09-04 08:06:00,2697.0,1271.0,1266.0,1272.0,1266.0
HSV.L,2020-09-04 08:05:00,466.0,1266.0,1268.0,1269.0,1266.0
HSV.L,2020-09-04 08:04:00,388.0,1269.0,1269.0,1269.0,1269.0
HSV.L,2020-09-04 08:02:00,39.0,1269.75,1269.75,1269.75,1269.75
HSV.L,2020-09-04 08:01:00,11.0,1272.0,1272.0,1272.0,1272.0
HSV.L,2020-09-04 08:00:00,373.0,1277.0,1267.0,1277.0,1267.0
HSV.L,2020-09-03 16:29:00,2538.0,1283.0,1282.0,1284.0,1282.0
HSV.L,2020-09-03 16:28:00,8101.0,1282.0,1283.0,1283.0,1282.0
HSV.L,2020-09-03 16:27:00,3207.0,1283.0,1282.0,1283.0,1282.0
HSV.L,2020-09-03 16:26:00,2687.0,1282.0,1281.0,1282.0,1281.0
HSV.L,2020-09-03 16:25:00,3046.0,1281.0,1282.0,1282.0,1281.0
HSV.L,2020-09-03 16:24:00,2946.0,1282.0,1283.0,1283.0,1282.0
HSV.L,2020-09-03 16:23:00,31.0,1283.0,1283.0,1283.0,1283.0
HSV.L,2020-09-03 16:22:00,2360.0,1282.0,1282.0,1282.0,1282.0
HSV.L,2020-09-03 16:21:00,4482.0,1282.0,1281.0,1282.0,1281.0
HSV.L,2020-09-03 16:20:00,11942.0,1279.0,1279.0,1279.0,1279.0
HSV.L,2020-09-03 16:18:00,61.0,1285.0,1285.0,1285.0,1285.0
HSV.L,2020-09-03 16:17:00,897.0,1285.0,1285.0,1285.0,1285.0
HSV.L,2020-09-03 16:16:00,3380.0,1286.0,1286.0,1286.0,1286.0
HSV.L,2020-09-03 16:15:00,784.0,1287.0,1287.0,1287.0,1287.0
HSV.L,2020-09-03 16:14:00,1946.0,1287.0,1287.0,1287.0,1287.0
HSV.L,2020-09-03 16:13:00,1692.0,1286.9716796875,1287.0,1287.0,1286.0
HSV.L,2020-09-03 16:12:00,1142.0,1288.0,1288.0,1288.0,1288.0
HSV.L,2020-09-03 16:11:00,448.0,1289.0,1288.0,1289.0,1288.0
HSV.L,2020-09-03 16:10:00,468.0,1288.0,1288.0,1288.0,1288.0
HSV.L,2020-09-03 16:09:00,549.0,1288.0,1288.0,1288.0,1288.0
HSV.L,2020-09-03 16:08:00,1468.0,1289.0,1289.0,1289.0,1289.0
HSV.L,2020-09-03 16:07:00,733.0,1290.0,1290.0,1290.0,1290.0
HSV.L,2020-09-03 16:06:00,1794.0,1289.842529296875,1290.0,1290.0,1289.842529296875
HSV.L,2020-09-03 16:05:00,2425.0,1290.0,1291.0,1291.0,1290.0
HSV.L,2020-09-03 16:03:00,713.0,1292.0,1292.0,1292.0,1292.0
HSV.L,2020-09-03 16:02:00,402.0,1292.0,1293.0,1293.0,1292.0
HSV.L,2020-09-03 16:01:00,4888.0,1293.0,1294.0,1294.0,1293.0
HSV.L,2020-09-03 16:00:00,1019.0,1295.0,1295.0,1295.0,1295.0
HSV.L,2020-09-03 15:59:00,515.0,1295.0,1295.0,1295.0,1295.0
HSV.L,2020-09-03 15:57:00,1424.0,1295.0,1295.0,1295.0,1295.0
HSV.L,2020-09-03 15:55:00,1005.0,1294.0,1295.0,1295.0,1294.0
HSV.L,2020-09-03 15:54:00,1311.0,1295.0,1296.0,1296.0,1295.0
HSV.L,2020-09-03 15:53:00,428.0,1296.0,1296.0,1296.0,1296.0
HSV.L,2020-09-03 15:52:00,942.0,1296.0,1298.0,1298.0,1296.0
HSV.L,2020-09-03 15:51:00,835.0,1298.0,1297.0,1298.0,1297.0
HSV.L,2020-09-03 15:50:00,673.0,1297.0,1297.0,1297.0,1297.0
HSV.L,2020-09-03 15:49:00,638.0,1296.0,1296.0,1296.0,1296.0
HSV.L,2020-09-03 15:48:00,1243.0,1297.0,1297.0,1297.0,1297.0
HSV.L,2020-09-03 15:47:00,945.0,1298.0,1298.0,1298.0,1298.0
HSV.L,2020-09-03 15:46:00,1430.0,1297.0,1298.0,1298.0,1297.0
HSV.L,2020-09-03 15:45:00,826.0,1299.0,1300.0,1300.0,1299.0
HSV.L,2020-09-03 15:44:00,1082.0,1299.0,1300.0,1300.0,1299.0
HSV.L,2020-09-03 15:43:00,487.0,1300.0,1300.0,1300.0,1300.0
HSV.L,2020-09-03 15:41:00,823.0,1300.0,1300.0,1300.0,1300.0
HSV.L,2020-09-03 15:40:00,312.0,1300.0,1300.0,1300.0,1300.0
HSV.L,2020-09-03 15:39:00,2661.0,1300.0,1301.0,1301.0,1300.0
HSV.L,2020-09-03 15:37:00,325.0,1302.0,1302.0,1302.0,1302.0
HSV.L,2020-09-03 15:36:00,515.0,1302.0,1302.0,1302.0,1302.0
HSV.L,2020-09-03 15:35:00,1740.0,1302.0,1302.0,1302.0,1301.0
HSV.L,2020-09-03 15:34:00,811.0,1303.0,1302.300048828125,1303.0,1302.300048828125
HSV.L,2020-09-03 15:33:00,2.0,1303.0,1303.0,1303.0,1303.0
HSV.L,2020-09-03 15:32:00,594.0,1304.0,1304.0,1304.0,1304.0
HSV.L,2020-09-03 15:31:00,1757.0,1303.0,1303.0,1303.0,1303.0
HSV.L,2020-09-03 15:30:00,5031.0,1304.0,1306.0,1307.0,1304.0
HSV.L,2020-09-03 15:29:00,552.0,1307.0,1307.0,1307.0,1307.0
HSV.L,2020-09-03 15:28:00,601.0,1306.0,1306.0,1306.0,1306.0
HSV.L,2020-09-03 15:26:00,932.0,1305.0,1304.0,1305.0,1304.0
HSV.L,2020-09-03 15:25:00,353.0,1303.0,1303.0,1303.0,1303.0
HSV.L,2020-09-03 15:24:00,1571.0,1303.0,1304.0,1304.0,1303.0
HSV.L,2020-09-03 15:23:00,616.0,1305.0,1305.0,1305.0,1305.0
HSV.L,2020-09-03 15:22:00,991.0,1305.0,1305.0,1305.0,1305.0
HSV.L,2020-09-03 15:20:00,929.0,1306.0,1307.0,1307.0,1306.0
HSV.L,2020-09-03 15:19:00,240.0,1307.0,1307.0,1307.0,1307.0
HSV.L,2020-09-03 15:17:00,3052.0,1307.0,1308.0,1308.0,1307.0
HSV.L,2020-09-03 15:16:00,530.0,1309.0,1310.0,1310.0,1309.0
HSV.L,2020-09-03 15:15:00,622.0,1310.0,1309.0,1310.0,1309.0
HSV.L,2020-09-03 15:13:00,278.0,1309.0,1309.0,1309.0,1309.0
HSV.L,2020-09-03 15:11:00,461.0,1307.0,1307.0,1307.0,1307.0
HSV.L,2020-09-03 15:10:00,409.0,1307.0,1307.0,1307.0,1307.0
HSV.L,2020-09-03 15:09:00,3598.0,1307.844970703125,1308.0,1309.0,1307.844970703125
HSV.L,2020-09-03 15:08:00,183.0,1307.0,1307.0,1307.0,1307.0
HSV.L,2020-09-03 15:07:00,768.0,1307.0,1307.0,1307.0,1307.0
HSV.L,2020-09-03 15:06:00,541.0,1308.0,1308.0,1308.0,1308.0
HSV.L,2020-09-03 15:05:00,1875.0,1309.0,1310.0,1310.0,1309.0
HSV.L,2020-09-03 15:03:00,1963.0,1309.0,1309.0,1309.0,1309.0
HSV.L,2020-09-03 15:02:00,2525.0,1309.0,1310.0,1310.0,1309.0
HSV.L,2020-09-03 15:01:00,420.0,1309.0,1308.0,1309.0,1308.0
HSV.L,2020-09-03 14:58:00,1473.0,1307.0,1308.0,1308.0,1307.0
HSV.L,2020-09-03 14:57:00,1658.0,1309.0,1310.0,1310.0,1309.0
HSV.L,2020-09-03 14:56:00,368.0,1309.0,1309.0,1309.0,1309.0
HSV.L,2020-09-03 14:55:00,270.0,1308.0,1308.0,1308.0,1308.0
HSV.L,2020-09-03 14:54:00,1797.0,1308.0,1308.0,1308.0,1308.0
HSV.L,2020-09-03 14:52:00,742.0,1307.0,1307.0,1307.0,1307.0
HSV.L,2020-09-03 14:51:00,831.0,1308.0,1308.0,1308.0,1308.0
HSV.L,2020-09-03 14:49:00,292.0,1307.0,1308.0,1309.0,1307.0
HSV.L,2020-09-03 14:48:00,225.0,1309.0,1309.0,1309.0,1309.0
HSV.L,2020-09-03 14:47:00,1514.0,1309.0,1310.0,1310.0,1309.0
HSV.L,2020-09-03 14:46:00,23.0,1310.0,1310.0,1310.0,1310.0
HSV.L,2020-09-03 14:45:00,1022.0,1310.0,1310.0,1310.0,1310.0
HSV.L,2020-09-03 14:42:00,1895.0,1310.0,1312.0,1312.0,1310.0
HSV.L,2020-09-03 14:40:00,926.0,1313.0,1313.0,1313.0,1313.0
HSV.L,2020-09-03 14:37:00,1710.0,1312.0,1313.0,1313.0,1312.0
HSV.L,2020-09-03 14:34:00,1232.0,1313.0,1313.0,1313.0,1313.0
HSV.L,2020-09-03 14:32:00,1786.0,1313.0,1313.0,1313.0,1313.0
HSV.L,2020-09-03 14:31:00,907.0,1314.0,1314.0,1314.0,1314.0
HSV.L,2020-09-03 14:30:00,563.0,1314.0,1314.0,1314.0,1314.0
HSV.L,2020-09-03 14:28:00,570.0,1313.0,1313.0,1313.0,1313.0
HSV.L,2020-09-03 14:27:00,213.0,1314.0,1314.0,1314.0,1314.0
HSV.L,2020-09-03 14:26:00,27.0,1314.0,1314.0,1314.0,1314.0
HSV.L,2020-09-03 14:23:00,2037.0,1314.0,1314.0,1314.0,1314.0
HSV.L,2020-09-03 14:22:00,605.0,1314.1524658203125,1314.0,1314.1524658203125,1314.0
HSV.L,2020-09-03 14:21:00,272.0,1314.0,1314.0,1314.0,1314.0
HSV.L,2020-09-03 14:20:00,298.0,1314.0,1314.0,1314.0,1314.0
HSV.L,2020-09-03 14:19:00,1743.0,1313.0,1313.0,1313.0,1313.0
HSV.L,2020-09-03 14:15:00,287.0,1313.0,1313.0,1313.0,1313.0
HSV.L,2020-09-03 14:14:00,2894.0,1313.0,1315.0,1315.0,1313.0
HSV.L,2020-09-03 14:12:00,282.0,1315.0,1315.0,1315.0,1315.0
HSV.L,2020-09-03 14:10:00,284.0,1315.0,1315.0,1315.0,1315.0
HSV.L,2020-09-03 14:06:00,232.0,1315.0,1315.0,1315.0,1315.0
HSV.L,2020-09-03 14:05:00,241.0,1315.0,1315.0,1315.0,1315.0
HSV.L,2020-09-03 14:04:00,89.0,1315.0,1315.0,1315.0,1315.0
HSV.L,2020-09-03 14:03:00,233.0,1315.0,1315.0,1315.0,1315.0
HSV.L,2020-09-03 14:02:00,341.0,1315.0,1315.0,1315.0,1315.0
HSV.L,2020-09-03 14:01:00,1141.0,1316.0,1316.0,1316.0,1316.0
HSV.L,2020-09-03 14:00:00,868.0,1317.0,1317.0,1317.0,1317.0
HSV.L,2020-09-03 13:59:00,170.0,1316.0,1316.0,1316.0,1316.0
HSV.L,2020-09-03 13:55:00,355.0,1315.0,1315.0,1315.0,1315.0
HSV.L,2020-09-03 13:54:00,306.0,1315.0,1315.0,1315.0,1315.0
HSV.L,2020-09-03 13:53:00,224.0,1315.0,1315.0,1315.0,1315.0
HSV.L,2020-09-03 13:52:00,685.0,1315.0,1315.0,1315.0,1315.0
HSV.L,2020-09-03 13:51:00,753.0,1315.0,1315.0,1315.0,1315.0
HSV.L,2020-09-03 13:49:00,1747.0,1315.0,1315.0,1315.0,1314.0
HSV.L,2020-09-03 13:47:00,715.0,1315.0,1315.0,1315.0,1315.0
HSV.L,2020-09-03 13:44:00,213.0,1315.0,1315.0,1315.0,1315.0
HSV.L,2020-09-03 13:43:00,1118.0,1315.0,1315.0,1315.0,1315.0
HSV.L,2020-09-03 13:42:00,498.0,1316.0,1316.0,1316.0,1316.0
HSV.L,2020-09-03 13:39:00,3.0,1316.0,1316.0,1316.0,1316.0
HSV.L,2020-09-03 13:33:00,80.0,1316.0,1316.0,1316.0,1316.0
HSV.L,2020-09-03 13:31:00,748.0,1317.0,1318.0,1318.0,1317.0
HSV.L,2020-09-03 13:30:00,884.0,1317.0,1316.0,1317.0,1316.0
HSV.L,2020-09-03 13:29:00,515.0,1315.1524658203125,1315.1524658203125,1315.1524658203125,1315.1524658203125
HSV.L,2020-09-03 13:23:00,1611.0,1315.0,1315.0,1315.0,1315.0
HSV.L,2020-09-03 13:21:00,5364.0,1316.0,1314.0,1317.0,1314.0
HSV.L,2020-09-03 13:20:00,10.0,1314.0,1314.0,1314.0,1314.0
HSV.L,2020-09-03 13:18:00,2438.0,1315.0,1315.0,1315.0,1315.0
HSV.L,2020-09-03 13:16:00,476.0,1315.0,1315.0,1315.0,1315.0
HSV.L,2020-09-03 13:15:00,23.0,1315.0,1315.0,1315.0,1315.0
HSV.L,2020-09-03 13:10:00,247.0,1316.0,1316.0,1316.0,1316.0
HSV.L,2020-09-03 13:09:00,1138.0,1316.0,1316.0,1316.0,1316.0
HSV.L,2020-09-03 13:07:00,1023.0,1317.0,1317.0,1317.0,1317.0
HSV.L,2020-09-03 13:02:00,277.0,1318.0,1318.0,1318.0,1318.0
HSV.L,2020-09-03 13:01:00,739.0,1318.0,1318.0,1318.0,1318.0
HSV.L,2020-09-03 13:00:00,199.0,1318.0,1318.0,1318.0,1318.0
HSV.L,2020-09-03 12:59:00,276.0,1319.0,1319.0,1319.0,1319.0
HSV.L,2020-09-03 12:58:00,159.0,1318.1524658203125,1318.1524658203125,1318.1524658203125,1318.1524658203125
HSV.L,2020-09-03 12:55:00,382.0,1318.0,1318.0,1318.0,1318.0
HSV.L,2020-09-03 12:54:00,169.0,1318.0,1318.0,1318.0,1318.0
HSV.L,2020-09-03 12:52:00,217.0,1319.0,1319.0,1319.0,1319.0
HSV.L,2020-09-03 12:51:00,568.0,1320.0,1320.0,1320.0,1320.0
HSV.L,2020-09-03 12:46:00,2162.0,1319.3050537109375,1320.0,1320.0,1319.3050537109375
HSV.L,2020-09-03 12:45:00,1356.0,1320.0,1320.0,1320.0,1320.0
HSV.L,2020-09-03 12:44:00,1718.0,1320.0,1319.0,1320.0,1319.0
HSV.L,2020-09-03 12:42:00,2971.0,1318.0,1319.0,1319.0,1318.0
HSV.L,2020-09-03 12:41:00,1199.0,1319.0,1318.0,1319.0,1318.0
HSV.L,2020-09-03 12:39:00,252.0,1318.0,1318.0,1318.0,1318.0
HSV.L,2020-09-03 12:33:00,782.0,1318.0,1318.0,1318.0,1318.0
HSV.L,2020-09-03 12:32:00,1155.0,1318.0,1317.0,1318.0,1317.0
HSV.L,2020-09-03 12:29:00,578.0,1318.0,1318.0,1318.0,1318.0
HSV.L,2020-09-03 12:28:00,1775.0,1319.0,1320.0,1320.0,1319.0
HSV.L,2020-09-03 12:26:00,51.0,1320.8475341796875,1320.8475341796875,1320.8475341796875,1320.8475341796875
HSV.L,2020-09-03 12:25:00,300.0,1320.0,1320.0,1320.0,1320.0
HSV.L,2020-09-03 12:23:00,1835.0,1320.0,1320.0,1320.0,1320.0
HSV.L,2020-09-03 12:22:00,2262.0,1320.0,1320.0,1320.0,1319.0
HSV.L,2020-09-03 12:20:00,668.0,1320.0,1320.0,1320.0,1320.0
HSV.L,2020-09-03 12:17:00,402.0,1319.0,1319.0,1319.0,1319.0
HSV.L,2020-09-03 12:14:00,542.0,1320.0,1320.0,1320.0,1320.0
HSV.L,2020-09-03 12:10:00,1200.0,1321.0,1321.0,1321.0,1321.0
HSV.L,2020-09-03 12:08:00,243.0,1322.0,1322.0,1322.0,1322.0
HSV.L,2020-09-03 12:04:00,529.0,1322.0,1322.0,1322.0,1322.0
HSV.L,2020-09-03 12:02:00,923.0,1321.0,1318.0,1321.0,1318.0
HSV.L,2020-09-03 11:57:00,811.0,1319.0,1319.0,1319.0,1319.0
HSV.L,2020-09-03 11:46:00,878.0,1320.0,1320.0,1320.0,1320.0
HSV.L,2020-09-03 11:45:00,296.0,1320.0,1320.0,1320.0,1320.0
HSV.L,2020-09-03 11:42:00,470.0,1321.0,1321.0,1321.0,1321.0
HSV.L,2020-09-03 11:39:00,117.0,1322.0,1322.0,1322.0,1322.0
HSV.L,2020-09-03 11:38:00,127.0,1322.0,1322.0,1322.0,1322.0
HSV.L,2020-09-03 11:37:00,75.0,1322.8499755859375,1322.8499755859375,1322.8499755859375,1322.8499755859375
HSV.L,2020-09-03 11:34:00,208.0,1321.0,1321.0,1321.0,1321.0
HSV.L,2020-09-03 11:33:00,548.0,1321.0,1321.0,1321.0,1321.0
HSV.L,2020-09-03 11:32:00,291.0,1323.0,1322.0,1323.0,1322.0
HSV.L,2020-09-03 11:31:00,533.0,1321.0,1321.0,1321.0,1321.0
HSV.L,2020-09-03 11:28:00,766.0,1321.0,1322.0,1322.0,1321.0
HSV.L,2020-09-03 11:24:00,65.0,1323.0,1323.0,1323.0,1323.0
HSV.L,2020-09-03 11:21:00,378.0,1323.0,1323.0,1323.0,1323.0
HSV.L,2020-09-03 11:20:00,545.0,1324.0,1324.0,1324.0,1324.0
HSV.L,2020-09-03 11:15:00,1373.0,1323.0,1323.0,1323.0,1323.0
HSV.L,2020-09-03 11:12:00,517.0,1324.0,1324.0,1324.0,1324.0
HSV.L,2020-09-03 11:08:00,513.0,1324.0,1324.0,1324.0,1324.0
HSV.L,2020-09-03 11:07:00,80.0,1325.0,1325.0,1325.0,1325.0
HSV.L,2020-09-03 11:06:00,2113.0,1324.0,1323.0,1324.0,1323.0
HSV.L,2020-09-03 11:02:00,473.0,1322.0,1322.0,1322.0,1322.0
HSV.L,2020-09-03 11:01:00,488.0,1321.0,1322.0,1322.0,1321.0
HSV.L,2020-09-03 10:56:00,1516.0,1322.0,1322.0,1322.0,1322.0
HSV.L,2020-09-03 10:53:00,142.0,1321.0,1321.0,1321.0,1321.0
HSV.L,2020-09-03 10:45:00,1788.0,1320.0,1320.0,1320.0,1320.0
HSV.L,2020-09-03 10:43:00,239.0,1320.0,1320.0,1320.0,1320.0
HSV.L,2020-09-03 10:39:00,341.0,1320.0,1320.0,1320.0,1320.0
HSV.L,2020-09-03 10:37:00,791.0,1320.0,1320.0,1320.0,1320.0
HSV.L,2020-09-03 10:35:00,375.0,1320.0,1320.0,1320.0,1320.0
HSV.L,2020-09-03 10:34:00,463.0,1320.0,1320.0,1320.0,1320.0
HSV.L,2020-09-03 10:33:00,58.0,1320.0,1320.0,1320.0,1320.0
HSV.L,2020-09-03 10:32:00,53.0,1320.0,1320.0,1320.0,1320.0
HSV.L,2020-09-03 10:30:00,91.0,1321.0,1321.0,1321.0,1321.0
HSV.L,2020-09-03 10:29:00,2362.0,1321.0,1321.0,1322.0,1321.0
HSV.L,2020-09-03 10:17:00,27.0,1321.0,1321.0,1321.0,1321.0
HSV.L,2020-09-03 10:16:00,757.0,1320.0,1320.0,1320.0,1320.0
HSV.L,2020-09-03 10:14:00,7.0,1319.0,1319.0,1319.0,1319.0
HSV.L,2020-09-03 10:13:00,713.0,1319.0,1319.0,1319.0,1319.0
HSV.L,2020-09-03 10:10:00,666.0,1318.0,1318.0,1318.0,1318.0
HSV.L,2020-09-03 10:09:00,2714.0,1318.0,1319.0,1319.0,1318.0
HSV.L,2020-09-03 10:07:00,851.0,1319.0,1319.0,1319.0,1319.0
HSV.L,2020-09-03 10:06:00,137.0,1320.0,1320.0,1320.0,1320.0
HSV.L,2020-09-03 10:03:00,393.0,1319.0,1319.0,1319.0,1319.0
HSV.L,2020-09-03 10:02:00,1204.0,1319.0,1319.0,1319.0,1319.0
HSV.L,2020-09-03 10:01:00,407.0,1319.0,1319.0,1319.0,1319.0
HSV.L,2020-09-03 10:00:00,2151.0,1319.0,1319.0,1319.0,1319.0
HSV.L,2020-09-03 09:49:00,2.0,1319.0,1319.0,1319.0,1319.0
HSV.L,2020-09-03 09:45:00,752.0,1320.79296875,1320.79296875,1320.79296875,1320.79296875
HSV.L,2020-09-03 09:44:00,171.0,1319.300048828125,1319.300048828125,1319.300048828125,1319.300048828125
HSV.L,2020-09-03 09:42:00,628.0,1319.300048828125,1320.0,1320.0,1319.300048828125
HSV.L,2020-09-03 09:40:00,777.0,1319.0,1319.0,1319.0,1319.0
HSV.L,2020-09-03 09:39:00,547.0,1319.0,1318.0,1319.0,1318.0
HSV.L,2020-09-03 09:38:00,80.0,1319.0,1319.0,1319.0,1319.0
HSV.L,2020-09-03 09:35:00,942.0,1321.0,1321.0,1321.0,1321.0
HSV.L,2020-09-03 09:30:00,2343.0,1321.0,1319.0,1321.0,1319.0
HSV.L,2020-09-03 09:23:00,316.0,1318.0,1317.0,1318.0,1317.0
HSV.L,2020-09-03 09:22:00,2828.0,1317.0,1317.0,1317.0,1316.0
HSV.L,2020-09-03 09:19:00,827.0,1320.0,1320.0,1320.0,1320.0
HSV.L,2020-09-03 09:14:00,80.0,1320.0,1320.0,1320.0,1320.0
HSV.L,2020-09-03 09:12:00,486.0,1320.300048828125,1321.0,1321.0,1320.300048828125
HSV.L,2020-09-03 09:11:00,186.0,1319.0,1319.0,1319.0,1319.0
HSV.L,2020-09-03 09:10:00,483.0,1318.0,1317.0,1318.0,1317.0
HSV.L,2020-09-03 09:09:00,2768.0,1316.0,1317.0,1317.0,1316.0
HSV.L,2020-09-03 09:06:00,2080.0,1319.0,1318.0,1319.0,1318.0
HSV.L,2020-09-03 08:54:00,250.0,1319.0,1319.0,1319.0,1319.0
HSV.L,2020-09-03 08:46:00,335.0,1320.0,1320.0,1320.0,1320.0
HSV.L,2020-09-03 08:45:00,433.0,1322.0,1321.0,1322.0,1321.0
HSV.L,2020-09-03 08:40:00,1.0,1323.0,1323.0,1323.0,1323.0
HSV.L,2020-09-03 08:37:00,1921.0,1322.0,1321.0,1322.0,1321.0
HSV.L,2020-09-03 08:32:00,881.0,1318.0,1318.0,1319.0,1318.0
HSV.L,2020-09-03 08:31:00,3697.0,1319.0,1318.0,1320.0,1318.0
HSV.L,2020-09-03 08:29:00,278.0,1317.0,1317.0,1317.0,1317.0
HSV.L,2020-09-03 08:20:00,158.0,1314.0,1314.0,1314.0,1314.0
HSV.L,2020-09-03 08:18:00,15.0,1315.0,1315.0,1315.0,1315.0
HSV.L,2020-09-03 08:15:00,82.0,1313.0,1313.0,1313.0,1313.0
HSV.L,2020-09-03 08:14:00,595.0,1313.0,1313.0,1313.0,1313.0
HSV.L,2020-09-03 08:12:00,652.0,1315.0,1315.0,1315.0,1315.0
HSV.L,2020-09-03 08:10:00,1964.0,1313.0,1315.0,1315.0,1313.0
HSV.L,2020-09-03 08:09:00,96.0,1315.0,1313.0,1315.0,1313.0
HSV.L,2020-09-03 08:08:00,36.0,1315.0,1315.0,1315.0,1315.0
HSV.L,2020-09-03 08:07:00,46.0,1317.0,1317.0,1317.0,1317.0
HSV.L,2020-09-03 08:06:00,268.0,1316.0,1317.0,1317.0,1316.0
HSV.L,2020-09-03 08:05:00,452.0,1320.0,1320.0,1320.0,1320.0
HSV.L,2020-09-03 08:03:00,154.0,1314.0,1317.0,1317.0,1314.0
HSV.L,2020-09-03 08:02:00,272.0,1319.0,1315.0,1319.0,1315.0
HSV.L,2020-09-03 08:00:00,0.0,1311.0,1311.0,1311.0,1311.0
HSV.L,2020-09-02 16:29:00,217.0,1306.0,1307.0,1307.0,1306.0
HSV.L,2020-09-02 16:28:00,3117.0,1308.0,1307.0,1308.0,1306.0
HSV.L,2020-09-02 16:26:00,643.0,1306.0,1306.0,1306.0,1306.0
HSV.L,2020-09-02 16:25:00,225.0,1306.0,1306.0,1306.0,1306.0
HSV.L,2020-09-02 16:24:00,14800.0,1305.0,1305.0,1312.1365966796875,1305.0
HSV.L,2020-09-02 16:23:00,1995.0,1304.0,1305.0,1305.0,1304.0
HSV.L,2020-09-02 16:22:00,993.0,1305.0,1305.0,1305.0,1305.0
HSV.L,2020-09-02 16:20:00,1914.0,1306.0,1307.0,1307.0,1306.0
HSV.L,2020-09-02 16:19:00,466.0,1307.0,1307.0,1307.0,1307.0
HSV.L,2020-09-02 16:18:00,429.0,1308.0,1307.0,1308.0,1307.0
HSV.L,2020-09-02 16:17:00,591.0,1308.0,1308.0,1308.0,1308.0
HSV.L,2020-09-02 16:16:00,316.0,1307.0,1307.0,1307.0,1307.0
HSV.L,2020-09-02 16:15:00,1423.0,1308.0,1308.0,1308.0,1308.0
HSV.L,2020-09-02 16:12:00,1158.0,1310.0,1310.0,1310.0,1310.0
HSV.L,2020-09-02 16:09:00,2220.0,1311.0,1311.0,1311.0,1311.0
HSV.L,2020-09-02 16:07:00,11458.0,1312.0,1312.0,1313.0,1311.0
HSV.L,2020-09-02 16:06:00,4744.0,1312.0,1312.0,1312.0,1312.0
HSV.L,2020-09-02 16:02:00,290.0,1311.0,1311.0,1311.0,1311.0
HSV.L,2020-09-02 16:00:00,3944.0,1310.0,1309.0,1310.0,1309.0
HSV.L,2020-09-02 15:59:00,1884.0,1309.0,1307.0,1309.0,1307.0
HSV.L,2020-09-02 15:57:00,246.0,1307.0,1307.300048828125,1307.300048828125,1307.0
HSV.L,2020-09-02 15:51:00,1994.0,1308.0,1305.0,1308.0,1305.0
HSV.L,2020-09-02 15:50:00,47.0,1306.0,1306.0,1306.0,1306.0
HSV.L,2020-09-02 15:45:00,855.0,1305.3050537109375,1305.3050537109375,1305.3050537109375,1305.3050537109375
HSV.L,2020-09-02 15:44:00,11.0,1305.0,1305.0,1305.0,1305.0
HSV.L,2020-09-02 15:41:00,490.0,1306.0,1306.0,1306.0,1306.0
HSV.L,2020-09-02 15:36:00,946.0,1306.0,1306.0,1306.0,1306.0
HSV.L,2020-09-02 15:34:00,46.0,1307.0,1307.0,1307.0,1307.0
HSV.L,2020-09-02 15:31:00,444.0,1306.0,1306.0,1306.0,1306.0
HSV.L,2020-09-02 15:30:00,2060.0,1305.0286865234375,1304.0,1305.0286865234375,1304.0
HSV.L,2020-09-02 15:28:00,285.0,1303.0,1303.0,1303.0,1303.0
HSV.L,2020-09-02 15:24:00,859.0,1303.0,1303.0,1303.0,1303.0
HSV.L,2020-09-02 15:23:00,785.0,1303.0,1303.0,1303.0,1303.0
HSV.L,2020-09-02 15:21:00,365.0,1303.0,1303.0,1303.0,1303.0
HSV.L,2020-09-02 15:20:00,1097.0,1303.0,1302.0,1303.0,1302.0
HSV.L,2020-09-02 15:16:00,668.0,1301.0,1301.0,1301.0,1301.0
HSV.L,2020-09-02 15:13:00,1068.0,1301.0,1300.0,1301.0,1300.0
HSV.L,2020-09-02 15:09:00,595.0,1298.0,1298.0,1298.0,1298.0
HSV.L,2020-09-02 15:08:00,169.0,1298.0,1299.0,1299.0,1298.0
HSV.L,2020-09-02 15:07:00,974.0,1298.0,1299.0,1299.0,1298.0
HSV.L,2020-09-02 15:06:00,1762.0,1299.0,1299.0,1299.0,1299.0
HSV.L,2020-09-02 15:03:00,200.0,1300.6949462890625,1300.6949462890625,1300.6949462890625,1300.6949462890625
HSV.L,2020-09-02 15:02:00,910.0,1300.0,1301.0,1301.0,1300.0
HSV.L,2020-09-02 15:01:00,832.0,1301.0,1301.0,1301.0,1301.0
HSV.L,2020-09-02 15:00:00,747.0,1300.0,1300.0,1300.0,1300.0
HSV.L,2020-09-02 14:59:00,335.0,1300.0,1300.0,1300.0,1300.0
HSV.L,2020-09-02 14:57:00,292.0,1301.0,1301.0,1301.0,1301.0
HSV.L,2020-09-02 14:55:00,2241.0,1302.0,1301.0,1302.0,1301.0
HSV.L,2020-09-02 14:53:00,30.0,1300.0,1300.0,1300.0,1300.0
HSV.L,2020-09-02 14:51:00,1162.0,1302.0,1302.0,1302.0,1302.0
HSV.L,2020-09-02 14:49:00,1339.0,1303.0,1303.0,1303.0,1303.0
HSV.L,2020-09-02 14:39:00,307.0,1302.0,1302.0,1302.0,1302.0
HSV.L,2020-09-02 14:38:00,413.0,1302.0,1302.0,1302.0,1302.0
HSV.L,2020-09-02 14:36:00,706.0,1302.0,1302.0,1302.0,1302.0
HSV.L,2020-09-02 14:35:00,2036.0,1301.0,1301.0,1301.0,1301.0
HSV.L,2020-09-02 14:34:00,498.0,1301.0,1300.0,1301.0,1300.0
HSV.L,2020-09-02 14:33:00,522.0,1300.0,1301.0,1301.0,1300.0
HSV.L,2020-09-02 14:32:00,565.0,1300.0,1300.0,1300.0,1300.0
HSV.L,2020-09-02 14:31:00,3486.0,1301.0,1300.0,1301.0,1300.0
HSV.L,2020-09-02 14:27:00,356.0,1299.0,1299.0,1299.0,1299.0
HSV.L,2020-09-02 14:26:00,594.0,1300.0,1300.0,1300.0,1300.0
HSV.L,2020-09-02 14:24:00,308.0,1301.0,1301.0,1301.0,1301.0
HSV.L,2020-09-02 14:22:00,958.0,1301.0,1300.8475341796875,1301.0,1300.8475341796875
HSV.L,2020-09-02 14:21:00,734.0,1299.0,1298.8475341796875,1299.0,1298.8475341796875
HSV.L,2020-09-02 14:20:00,1289.0,1298.8475341796875,1298.0,1298.8475341796875,1298.0
HSV.L,2020-09-02 14:19:00,352.0,1299.0,1299.0,1299.0,1299.0
HSV.L,2020-09-02 14:17:00,49.0,1300.0,1300.0,1300.0,1300.0
HSV.L,2020-09-02 14:15:00,262.0,1300.0,1300.0,1300.0,1300.0
HSV.L,2020-09-02 14:13:00,336.0,1301.0,1301.0,1301.0,1301.0
HSV.L,2020-09-02 14:12:00,15.0,1302.0,1302.0,1302.0,1302.0
HSV.L,2020-09-02 14:10:00,18.0,1302.0,1302.0,1302.0,1302.0
HSV.L,2020-09-02 14:09:00,496.0,1303.0,1302.0,1303.0,1302.0
HSV.L,2020-09-02 14:07:00,10.0,1299.0,1299.0,1299.0,1299.0
HSV.L,2020-09-02 14:03:00,883.0,1300.0,1300.0,1300.0,1300.0
HSV.L,2020-09-02 14:01:00,957.0,1301.0,1300.0,1301.0,1300.0
HSV.L,2020-09-02 13:59:00,218.0,1300.0,1300.0,1300.0,1300.0
HSV.L,2020-09-02 13:58:00,1971.0,1301.0,1300.0,1301.0,1300.0
HSV.L,2020-09-02 13:57:00,200.0,1299.0,1299.0,1299.0,1299.0
HSV.L,2020-09-02 13:56:00,369.0,1299.0,1299.0,1299.0,1299.0
HSV.L,2020-09-02 13:54:00,460.0,1299.0,1299.0,1299.0,1299.0
HSV.L,2020-09-02 13:51:00,1584.0,1299.0,1299.0,1299.0,1299.0
HSV.L,2020-09-02 13:49:00,321.0,1300.0,1300.0,1300.0,1300.0
HSV.L,2020-09-02 13:48:00,446.0,1299.0,1300.0,1300.0,1299.0
HSV.L,2020-09-02 13:46:00,264.0,1300.0,1300.0,1300.0,1300.0
HSV.L,2020-09-02 13:45:00,1640.0,1299.0,1298.0,1299.0,1298.0
HSV.L,2020-09-02 13:44:00,1884.0,1299.0,1298.0,1299.0,1298.0
HSV.L,2020-09-02 13:41:00,144.0,1299.0,1299.0,1299.0,1299.0
HSV.L,2020-09-02 13:38:00,337.0,1300.0,1300.0,1300.0,1300.0
HSV.L,2020-09-02 13:35:00,2.0,1300.8475341796875,1300.8475341796875,1300.8475341796875,1300.8475341796875
HSV.L,2020-09-02 13:34:00,1016.0,1300.0,1299.0,1300.0,1299.0
HSV.L,2020-09-02 13:32:00,481.0,1300.0,1300.0,1300.0,1300.0
HSV.L,2020-09-02 13:31:00,1371.0,1300.0,1299.0,1300.0,1299.0
HSV.L,2020-09-02 13:30:00,11.0,1300.0,1300.0,1300.0,1300.0
HSV.L,2020-09-02 13:28:00,12.0,1301.0,1301.0,1301.0,1301.0
HSV.L,2020-09-02 13:26:00,16.0,1302.0,1302.0,1302.0,1302.0
HSV.L,2020-09-02 13:25:00,363.0,1303.0,1303.0,1303.0,1303.0
HSV.L,2020-09-02 13:23:00,310.0,1303.0,1303.0,1303.0,1303.0
HSV.L,2020-09-02 13:22:00,847.0,1302.0,1302.0,1302.0,1302.0
HSV.L,2020-09-02 13:21:00,120.0,1301.0,1301.0,1301.0,1301.0
HSV.L,2020-09-02 13:19:00,239.0,1302.0,1302.0,1302.0,1302.0
HSV.L,2020-09-02 13:16:00,751.0,1303.0,1303.0,1303.0,1303.0
HSV.L,2020-09-02 13:15:00,211.0,1303.0,1302.0,1303.0,1302.0
HSV.L,2020-09-02 13:14:00,19.0,1303.0,1303.0,1303.0,1303.0
HSV.L,2020-09-02 13:08:00,406.0,1305.0,1305.0,1305.0,1305.0
HSV.L,2020-09-02 13:04:00,38.0,1307.0,1307.0,1307.0,1307.0
HSV.L,2020-09-02 12:54:00,372.0,1306.0,1305.0,1306.0,1305.0
HSV.L,2020-09-02 12:52:00,725.0,1304.0,1304.0,1304.0,1304.0
HSV.L,2020-09-02 12:51:00,1100.0,1304.0,1305.0,1305.0,1304.0
HSV.L,2020-09-02 12:47:00,418.0,1306.0,1306.0,1306.0,1306.0
HSV.L,2020-09-02 12:42:00,4097.0,1306.0,1306.239990234375,1306.239990234375,1306.0
HSV.L,2020-09-02 12:40:00,79.0,1307.699951171875,1307.699951171875,1307.699951171875,1307.699951171875
HSV.L,2020-09-02 12:38:00,1.0,1306.0,1306.0,1306.0,1306.0
HSV.L,2020-09-02 12:36:00,313.0,1307.0,1307.0,1307.0,1307.0
HSV.L,2020-09-02 12:32:00,1055.0,1308.0,1307.0,1308.0,1307.0
HSV.L,2020-09-02 12:30:00,154.0,1305.3050537109375,1305.3050537109375,1305.3050537109375,1305.3050537109375
HSV.L,2020-09-02 12:24:00,369.0,1306.0,1305.0,1306.0,1305.0
HSV.L,2020-09-02 12:23:00,3561.0,1304.0,1301.0,1304.0,1301.0
HSV.L,2020-09-02 12:19:00,936.0,1300.0,1301.0,1301.0,1300.0
HSV.L,2020-09-02 12:13:00,920.0,1302.0,1302.0,1302.0,1302.0
HSV.L,2020-09-02 12:05:00,1049.0,1303.0,1304.0,1304.0,1303.0
HSV.L,2020-09-02 12:04:00,2218.0,1304.0,1302.0,1304.0,1302.0
HSV.L,2020-09-02 12:02:00,1510.0,1301.0,1299.0,1301.0,1299.0
HSV.L,2020-09-02 11:58:00,448.0,1301.0,1301.0,1301.0,1301.0
HSV.L,2020-09-02 11:57:00,400.0,1301.0,1301.0,1301.0,1301.0
HSV.L,2020-09-02 11:56:00,428.0,1301.0,1301.0,1301.0,1301.0
HSV.L,2020-09-02 11:55:00,767.0,1301.0,1301.0,1301.0,1301.0
HSV.L,2020-09-02 11:51:00,113.0,1302.0,1302.0,1302.0,1302.0
HSV.L,2020-09-02 11:46:00,466.0,1302.0,1302.0,1302.0,1302.0
HSV.L,2020-09-02 11:43:00,459.0,1301.0,1301.0,1301.0,1301.0
HSV.L,2020-09-02 11:40:00,359.0,1299.0,1299.0,1299.0,1299.0
HSV.L,2020-09-02 11:36:00,658.0,1298.0,1297.0,1298.0,1297.0
HSV.L,2020-09-02 11:33:00,365.0,1299.0,1299.0,1299.0,1299.0
HSV.L,2020-09-02 11:31:00,133.0,1298.0,1298.0,1298.0,1298.0
HSV.L,2020-09-02 11:30:00,358.0,1299.0,1299.0,1299.0,1299.0
HSV.L,2020-09-02 11:29:00,595.0,1300.0,1300.0,1300.0,1300.0
HSV.L,2020-09-02 11:25:00,221.0,1302.0,1301.0,1302.0,1301.0
HSV.L,2020-09-02 11:21:00,182.0,1301.0,1301.0,1301.0,1301.0
HSV.L,2020-09-02 11:17:00,590.0,1302.0,1302.0,1302.0,1302.0
HSV.L,2020-09-02 11:14:00,120.0,1302.0,1302.0,1302.0,1302.0
HSV.L,2020-09-02 11:13:00,17.0,1303.0,1303.0,1303.0,1303.0
HSV.L,2020-09-02 11:12:00,427.0,1303.0,1303.0,1303.0,1303.0
HSV.L,2020-09-02 11:10:00,1370.0,1304.0,1304.0,1304.0,1304.0
HSV.L,2020-09-02 11:09:00,583.0,1302.0,1302.0,1302.0,1302.0
HSV.L,2020-09-02 11:04:00,183.0,1303.0,1303.0,1303.0,1303.0
HSV.L,2020-09-02 11:03:00,199.0,1304.0,1304.0,1304.0,1304.0
HSV.L,2020-09-02 11:00:00,370.0,1304.6949462890625,1304.0,1304.6949462890625,1304.0
HSV.L,2020-09-02 10:59:00,1086.0,1304.0,1304.0,1304.0,1304.0
HSV.L,2020-09-02 10:58:00,10.0,1302.0,1302.0,1302.0,1302.0
HSV.L,2020-09-02 10:57:00,302.0,1302.8475341796875,1304.0,1304.0,1302.8475341796875
HSV.L,2020-09-02 10:56:00,22.0,1303.0,1304.0,1304.0,1303.0
HSV.L,2020-09-02 10:55:00,342.0,1303.6949462890625,1303.6949462890625,1303.6949462890625,1303.6949462890625
HSV.L,2020-09-02 10:54:00,742.0,1302.0,1301.0,1302.0,1301.0
HSV.L,2020-09-02 10:53:00,1102.0,1300.0,1301.0,1301.0,1300.0
HSV.L,2020-09-02 10:44:00,371.0,1301.0,1301.0,1301.0,1301.0
HSV.L,2020-09-02 10:42:00,689.0,1302.0,1302.0,1302.0,1302.0
HSV.L,2020-09-02 10:39:00,500.0,1303.0,1302.0,1303.0,1302.0
HSV.L,2020-09-02 10:38:00,2984.0,1302.0,1305.0,1305.0,1302.0
HSV.L,2020-09-02 10:36:00,1158.0,1305.0,1305.0,1306.0,1305.0
HSV.L,2020-09-02 10:35:00,393.0,1306.0,1306.0,1306.0,1306.0
HSV.L,2020-09-02 10:30:00,170.0,1307.0,1307.0,1307.0,1307.0
HSV.L,2020-09-02 10:28:00,56835.0,1309.0,1309.0,1309.0,1309.0
HSV.L,2020-09-02 10:26:00,0.0,1309.0,1309.0,1309.0,1309.0
HSV.L,2020-09-02 10:25:00,644.0,1309.0,1308.0,1309.0,1308.0
HSV.L,2020-09-02 10:22:00,973.0,1309.0,1309.0,1309.0,1309.0
HSV.L,2020-09-02 10:18:00,2.0,1309.0,1309.0,1309.0,1309.0
HSV.L,2020-09-02 10:16:00,616.0,1309.0,1309.0,1309.0,1309.0
HSV.L,2020-09-02 10:14:00,1021.0,1310.0,1311.0,1311.0,1310.0
HSV.L,2020-09-02 10:13:00,309.0,1311.0,1311.0,1311.0,1311.0
HSV.L,2020-09-02 10:12:00,230.0,1311.0,1311.0,1311.0,1311.0
HSV.L,2020-09-02 10:08:00,388.0,1311.0,1311.0,1311.0,1311.0
HSV.L,2020-09-02 10:07:00,947.0,1310.0,1310.0,1310.0,1310.0
HSV.L,2020-09-02 10:03:00,466.0,1310.0,1310.0,1310.0,1310.0
HSV.L,2020-09-02 10:00:00,1347.0,1311.0,1311.0,1312.0,1311.0
HSV.L,2020-09-02 09:59:00,306.0,1310.0,1310.0,1310.0,1310.0
HSV.L,2020-09-02 09:56:00,925.0,1310.0,1310.0,1310.0,1310.0
HSV.L,2020-09-02 09:53:00,429.0,1311.0,1311.0,1311.0,1311.0
HSV.L,2020-09-02 09:51:00,253.0,1311.0,1309.0,1311.0,1309.0
HSV.L,2020-09-02 09:50:00,1078.0,1310.0,1310.0,1310.0,1309.0
HSV.L,2020-09-02 09:46:00,2813.0,1309.0,1311.0,1311.0,1309.0
HSV.L,2020-09-02 09:45:00,1595.0,1312.0,1310.0,1312.0,1310.0
HSV.L,2020-09-02 09:41:00,748.0,1309.0,1309.0,1309.0,1309.0
HSV.L,2020-09-02 09:39:00,943.0,1308.0,1309.0,1309.0,1308.0
HSV.L,2020-09-02 09:37:00,1152.0,1309.0,1310.0,1310.0,1309.0
HSV.L,2020-09-02 09:35:00,662.0,1311.0,1311.0,1311.0,1311.0
HSV.L,2020-09-02 09:32:00,1131.0,1310.0,1310.0,1310.0,1310.0
HSV.L,2020-09-02 09:31:00,326.0,1309.0,1309.0,1309.0,1309.0
HSV.L,2020-09-02 09:28:00,1577.0,1309.0,1309.0,1309.0,1309.0
HSV.L,2020-09-02 09:27:00,1621.0,1310.0,1311.0,1311.0,1310.0
HSV.L,2020-09-02 09:26:00,734.0,1311.0,1311.0,1311.0,1311.0
HSV.L,2020-09-02 09:24:00,240.0,1312.0,1312.0,1312.0,1312.0
HSV.L,2020-09-02 09:20:00,804.0,1312.0,1313.0,1313.0,1312.0
HSV.L,2020-09-02 09:16:00,1609.0,1312.0,1312.0,1313.0,1312.0
HSV.L,2020-09-02 09:13:00,116.0,1309.449951171875,1309.449951171875,1309.449951171875,1309.449951171875
HSV.L,2020-09-02 09:10:00,962.0,1310.0,1311.0,1311.0,1310.0
HSV.L,2020-09-02 09:07:00,135.0,1311.0,1312.0,1312.0,1311.0
HSV.L,2020-09-02 09:06:00,893.0,1311.0,1309.0,1311.0,1309.0
HSV.L,2020-09-02 09:03:00,495.0,1309.0,1308.0,1309.0,1308.0
HSV.L,2020-09-02 09:02:00,194.0,1309.0,1307.02880859375,1309.0,1307.02880859375
HSV.L,2020-09-02 09:01:00,839.0,1309.0,1308.0,1309.0,1308.0
HSV.L,2020-09-02 08:57:00,622.0,1309.0,1309.0,1309.0,1309.0
HSV.L,2020-09-02 08:55:00,257.0,1309.0,1309.0,1309.0,1309.0
HSV.L,2020-09-02 08:54:00,15.0,1310.0,1310.0,1310.0,1310.0
HSV.L,2020-09-02 08:53:00,1.0,1308.0,1308.0,1308.0,1308.0
HSV.L,2020-09-02 08:52:00,422.0,1310.0,1310.0,1310.0,1310.0
HSV.L,2020-09-02 08:51:00,552.0,1309.0,1308.0,1309.0,1308.0
HSV.L,2020-09-02 08:49:00,325.0,1308.0,1307.699951171875,1308.0,1307.699951171875
HSV.L,2020-09-02 08:47:00,1145.0,1307.0,1309.0,1309.0,1307.0
HSV.L,2020-09-02 08:46:00,2903.0,1310.0,1309.0,1310.0,1308.0
HSV.L,2020-09-02 08:44:00,2550.0,1310.0,1309.0,1310.0,1309.0
HSV.L,2020-09-02 08:42:00,412.0,1308.0,1308.0,1308.0,1308.0
HSV.L,2020-09-02 08:41:00,511.0,1309.0,1309.0,1309.0,1309.0
HSV.L,2020-09-02 08:40:00,172.0,1310.0,1310.0,1310.0,1310.0
HSV.L,2020-09-02 08:39:00,470.0,1310.0,1311.0,1311.0,1310.0
HSV.L,2020-09-02 08:37:00,361.0,1312.0,1312.0,1312.0,1312.0
HSV.L,2020-09-02 08:36:00,406.0,1311.0,1311.0,1311.0,1311.0
HSV.L,2020-09-02 08:35:00,330.0,1311.0,1311.0,1311.0,1311.0
HSV.L,2020-09-02 08:34:00,996.0,1310.0,1310.0,1310.0,1310.0
HSV.L,2020-09-02 08:32:00,500.0,1311.0,1311.0,1311.0,1311.0
HSV.L,2020-09-02 08:30:00,518.0,1306.0,1306.0,1307.0,1306.0
HSV.L,2020-09-02 08:28:00,756.0,1305.0,1304.0,1305.0,1304.0
HSV.L,2020-09-02 08:26:00,280.0,1303.0,1303.0,1303.0,1303.0
HSV.L,2020-09-02 08:24:00,369.0,1303.0,1303.0,1303.0,1303.0
HSV.L,2020-09-02 08:23:00,991.0,1304.0,1303.0,1304.0,1303.0
HSV.L,2020-09-02 08:21:00,1165.0,1303.0,1303.0,1304.0,1303.0
HSV.L,2020-09-02 08:20:00,1544.0,1304.0,1303.0,1304.0,1303.0
HSV.L,2020-09-02 08:19:00,633.0,1302.0,1303.0,1303.0,1302.0
HSV.L,2020-09-02 08:16:00,240.0,1302.0,1304.0,1304.0,1302.0
HSV.L,2020-09-02 08:13:00,1226.0,1302.0,1304.0,1304.0,1302.0
HSV.L,2020-09-02 08:12:00,246.0,1302.0,1302.0,1302.0,1302.0
HSV.L,2020-09-02 08:11:00,106.0,1301.0,1301.0,1301.0,1301.0
HSV.L,2020-09-02 08:10:00,2.0,1299.0,1299.0,1299.0,1299.0
HSV.L,2020-09-02 08:09:00,189.0,1301.0,1300.0,1301.0,1300.0
HSV.L,2020-09-02 08:08:00,123.0,1299.0,1299.0,1300.0,1299.0
HSV.L,2020-09-02 08:07:00,359.0,1298.0,1298.0,1298.0,1297.0
HSV.L,2020-09-02 08:06:00,1950.0,1299.0,1294.0,1299.0,1294.0
HSV.L,2020-09-02 08:05:00,126.0,1294.0,1293.0,1294.0,1293.0
HSV.L,2020-09-02 08:03:00,91.0,1288.0,1290.0,1290.0,1288.0
HSV.L,2020-09-02 08:02:00,337.0,1290.0,1290.0,1290.0,1290.0
HSV.L,2020-09-02 08:01:00,254.0,1294.0,1295.0,1295.0,1294.0
HSV.L,2020-09-02 08:00:00,0.0,1289.0,1279.0,1300.0,1279.0
HSV.L,2020-09-01 16:29:00,1645.0,1289.0,1289.0,1291.0,1289.0
HSV.L,2020-09-01 16:28:00,2674.0,1289.0,1290.0,1290.0,1288.0
HSV.L,2020-09-01 16:27:00,76.0,1289.0,1289.0,1289.0,1289.0
HSV.L,2020-09-01 16:26:00,1.0,1289.0,1289.0,1289.0,1289.0
HSV.L,2020-09-01 16:25:00,1126.0,1289.0,1289.0,1290.0,1288.0
HSV.L,2020-09-01 16:24:00,1908.0,1291.0,1290.0,1291.0,1289.0
HSV.L,2020-09-01 16:23:00,1922.0,1290.0,1290.0,1290.0,1290.0
HSV.L,2020-09-01 16:22:00,1451.0,1290.0,1290.0,1290.0,1290.0
HSV.L,2020-09-01 16:21:00,3982.0,1290.0,1291.0,1291.0,1290.0
HSV.L,2020-09-01 16:20:00,517.0,1291.300048828125,1292.0,1292.0,1291.300048828125
HSV.L,2020-09-01 16:19:00,1721.0,1292.0,1292.0,1293.0,1291.0
HSV.L,2020-09-01 16:18:00,6764.0,1291.0,1289.0,1291.0,1289.0
HSV.L,2020-09-01 16:15:00,677.0,1289.0,1289.0,1289.0,1289.0
HSV.L,2020-09-01 16:12:00,2367.0,1289.0,1288.0,1289.0,1288.0
HSV.L,2020-09-01 16:08:00,2456.0,1287.0,1287.0,1287.0,1287.0
HSV.L,2020-09-01 16:07:00,2426.0,1285.0,1286.0,1286.0,1285.0
HSV.L,2020-09-01 16:06:00,1903.0,1285.0,1285.0,1285.0,1285.0
HSV.L,2020-09-01 16:05:00,37.0,1284.0,1284.0,1284.0,1284.0
HSV.L,2020-09-01 16:04:00,295.0,1284.0,1285.0,1285.0,1284.0
HSV.L,2020-09-01 16:02:00,861.0,1285.0,1285.0,1286.0,1285.0
HSV.L,2020-09-01 16:01:00,77.0,1285.0,1285.0,1285.0,1285.0
HSV.L,2020-09-01 16:00:00,1766.0,1286.0,1286.0,1286.0,1286.0
HSV.L,2020-09-01 15:59:00,847.0,1285.0,1286.0,1286.0,1285.0
HSV.L,2020-09-01 15:57:00,564.0,1287.0,1289.0,1289.0,1287.0
HSV.L,2020-09-01 15:56:00,620.0,1288.0,1288.0,1288.0,1288.0
HSV.L,2020-09-01 15:55:00,1046.0,1287.0,1287.0,1288.0,1287.0
HSV.L,2020-09-01 15:54:00,361.0,1288.0,1288.0,1288.0,1288.0
HSV.L,2020-09-01 15:53:00,212.0,1289.0,1289.0,1289.0,1289.0
HSV.L,2020-09-01 15:51:00,683.0,1289.0,1289.0,1289.0,1289.0
HSV.L,2020-09-01 15:50:00,588.0,1289.0,1288.0,1289.0,1288.0
HSV.L,2020-09-01 15:49:00,113.0,1288.0,1290.0,1290.0,1288.0
HSV.L,2020-09-01 15:48:00,235.0,1291.0,1291.0,1291.0,1291.0
HSV.L,2020-09-01 15:47:00,1816.0,1292.0,1292.0,1292.0,1292.0
HSV.L,2020-09-01 15:46:00,1010.0,1292.0,1292.0,1292.0,1291.0
HSV.L,2020-09-01 15:45:00,311.0,1290.0,1291.0,1291.0,1290.0
HSV.L,2020-09-01 15:44:00,97.0,1291.0,1291.0,1291.0,1291.0
HSV.L,2020-09-01 15:43:00,514.0,1292.0,1292.300048828125,1292.3050537109375,1292.0
HSV.L,2020-09-01 15:42:00,207.0,1292.0,1293.0,1293.0,1292.0
HSV.L,2020-09-01 15:41:00,34.0,1292.0,1292.0,1292.0,1292.0
HSV.L,2020-09-01 15:40:00,32.0,1293.8475341796875,1293.0,1293.8475341796875,1293.0
HSV.L,2020-09-01 15:39:00,1828.0,1294.0,1294.0,1294.0,1293.0
HSV.L,2020-09-01 15:38:00,280.0,1293.0,1293.0,1293.0,1293.0
HSV.L,2020-09-01 15:37:00,345.0,1293.0,1293.0,1294.0,1293.0
HSV.L,2020-09-01 15:36:00,7.0,1293.0,1294.0,1294.0,1293.0
HSV.L,2020-09-01 15:35:00,1671.0,1294.0,1295.0,1295.0,1294.0
HSV.L,2020-09-01 15:34:00,473.0,1294.0,1293.0,1294.0,1293.0
HSV.L,2020-09-01 15:33:00,48.0,1293.0,1293.0,1293.0,1293.0
HSV.L,2020-09-01 15:32:00,193.0,1294.0,1294.0,1294.0,1294.0
HSV.L,2020-09-01 15:29:00,1286.0,1293.5511474609375,1293.5511474609375,1293.5511474609375,1293.5511474609375
HSV.L,2020-09-01 15:28:00,837.0,1295.0,1295.0,1295.0,1294.0
HSV.L,2020-09-01 15:27:00,1805.0,1295.0,1295.0,1295.0,1295.0
HSV.L,2020-09-01 15:26:00,37.0,1295.0,1295.0,1295.0,1295.0
HSV.L,2020-09-01 15:25:00,2.0,1296.0,1296.0,1296.0,1296.0
HSV.L,2020-09-01 15:23:00,877.0,1296.0,1295.0,1296.0,1295.0
HSV.L,2020-09-01 15:22:00,334.0,1292.0,1294.0,1294.0,1292.0
HSV.L,2020-09-01 15:21:00,2426.0,1292.0,1292.0,1294.0,1292.0
HSV.L,2020-09-01 15:19:00,3770.0,1290.3050537109375,1289.0,1291.0,1289.0
HSV.L,2020-09-01 15:18:00,3.0,1288.6949462890625,1288.6949462890625,1288.6949462890625,1288.6949462890625
HSV.L,2020-09-01 15:17:00,42.0,1289.0,1288.0,1289.0,1288.0
HSV.L,2020-09-01 15:16:00,51.0,1286.0,1286.0,1286.0,1286.0
HSV.L,2020-09-01 15:15:00,1149.0,1288.0,1289.0,1289.0,1288.0
HSV.L,2020-09-01 15:14:00,816.0,1289.0,1288.0,1289.0,1287.0
HSV.L,2020-09-01 15:13:00,1496.0,1288.0,1290.0,1290.0,1288.0
HSV.L,2020-09-01 15:12:00,398.0,1288.0,1289.0,1289.0,1288.0
HSV.L,2020-09-01 15:09:00,36.0,1290.0,1289.3050537109375,1290.0,1289.0
HSV.L,2020-09-01 15:08:00,275.0,1290.0,1290.0,1290.0,1290.0
HSV.L,2020-09-01 15:07:00,116.0,1289.0,1289.0,1289.0,1289.0
HSV.L,2020-09-01 15:05:00,792.0,1291.0,1291.0,1291.0,1291.0
HSV.L,2020-09-01 15:04:00,274.0,1290.0,1290.0,1290.0,1290.0
HSV.L,2020-09-01 15:03:00,1963.0,1291.0,1291.0,1291.0,1291.0
HSV.L,2020-09-01 15:02:00,1085.0,1289.0,1289.0,1290.0,1289.0
HSV.L,2020-09-01 15:01:00,2357.0,1289.0,1289.0,1290.0,1289.0
HSV.L,2020-09-01 15:00:00,853.0,1288.0,1285.0,1288.0,1285.0
HSV.L,2020-09-01 14:59:00,645.0,1285.0,1286.0,1286.0,1285.0
HSV.L,2020-09-01 14:58:00,134.0,1286.0,1286.0,1286.0,1286.0
HSV.L,2020-09-01 14:57:00,294.0,1287.0,1288.0,1288.0,1287.0
HSV.L,2020-09-01 14:56:00,152.0,1288.0,1288.0,1288.0,1288.0
HSV.L,2020-09-01 14:55:00,1793.0,1290.0,1290.0,1290.0,1289.0
HSV.L,2020-09-01 14:51:00,391.0,1291.0,1291.0,1291.0,1291.0
HSV.L,2020-09-01 14:50:00,3697.0,1290.0,1290.0,1291.0,1290.0
HSV.L,2020-09-01 14:49:00,3261.0,1288.0,1288.0,1290.0,1287.0
HSV.L,2020-09-01 14:48:00,5009.0,1288.0,1287.0,1288.0,1287.0
HSV.L,2020-09-01 14:47:00,90.0,1285.0,1285.0,1285.0,1285.0
HSV.L,2020-09-01 14:46:00,1593.0,1286.0,1286.0,1286.0,1286.0
HSV.L,2020-09-01 14:45:00,253.0,1286.0,1286.0,1286.0,1286.0
HSV.L,2020-09-01 14:44:00,717.0,1287.0,1286.0,1287.0,1286.0
HSV.L,2020-09-01 14:42:00,375.0,1286.0,1286.0,1286.0,1286.0
HSV.L,2020-09-01 14:41:00,28.0,1284.0,1284.0,1284.0,1284.0
HSV.L,2020-09-01 14:40:00,44.0,1284.0,1284.0,1284.0,1284.0
HSV.L,2020-09-01 14:39:00,367.0,1285.0,1285.0,1285.0,1285.0
HSV.L,2020-09-01 14:38:00,400.0,1286.0,1286.0,1286.0,1286.0
HSV.L,2020-09-01 14:35:00,343.0,1286.0,1286.0,1286.0,1286.0
HSV.L,2020-09-01 14:34:00,10331.0,1284.0,1287.0,1287.0,1284.0
HSV.L,2020-09-01 14:32:00,3119.0,1284.0,1286.0,1287.0,1284.0
HSV.L,2020-09-01 14:31:00,468.0,1286.0,1286.6949462890625,1286.6949462890625,1285.0
HSV.L,2020-09-01 14:30:00,2382.0,1286.0,1287.0,1287.0,1286.0
HSV.L,2020-09-01 14:29:00,561.0,1286.0,1287.0,1287.0,1286.0
HSV.L,2020-09-01 14:28:00,5874.0,1285.0,1282.0,1286.0,1282.0
HSV.L,2020-09-01 14:27:00,64.0,1280.0,1280.0,1280.0,1280.0
HSV.L,2020-09-01 14:26:00,255.0,1281.0,1281.0,1281.0,1281.0
HSV.L,2020-09-01 14:25:00,510.0,1282.0,1281.0,1282.0,1280.0
HSV.L,2020-09-01 14:24:00,250.0,1282.0,1282.0,1282.0,1282.0
HSV.L,2020-09-01 14:23:00,653.0,1280.0,1281.0,1282.0,1280.0
HSV.L,2020-09-01 14:21:00,1291.0,1281.0,1280.0,1281.0,1280.0
HSV.L,2020-09-01 14:20:00,496.0,1280.0,1281.0,1281.0,1280.0
HSV.L,2020-09-01 14:19:00,2114.0,1282.0,1281.0,1282.0,1281.0
HSV.L,2020-09-01 14:16:00,262.0,1281.0,1281.0,1281.0,1281.0
HSV.L,2020-09-01 14:14:00,1957.0,1280.0,1281.0,1281.0,1280.0
HSV.L,2020-09-01 14:13:00,166.0,1279.0,1280.0,1280.0,1279.0
HSV.L,2020-09-01 14:12:00,1663.0,1281.0,1280.0,1281.0,1279.0
HSV.L,2020-09-01 14:11:00,722.0,1280.0,1281.0,1281.0,1280.0
HSV.L,2020-09-01 14:10:00,210.0,1281.0,1282.0,1282.0,1281.0
HSV.L,2020-09-01 14:09:00,1671.0,1282.0,1281.0,1283.0,1281.0
HSV.L,2020-09-01 14:07:00,1683.0,1282.0,1283.0,1284.0,1282.0
HSV.L,2020-09-01 14:06:00,3178.0,1283.0,1282.0,1284.0,1280.0
HSV.L,2020-09-01 14:05:00,572.0,1283.0,1284.0,1285.0,1283.0
HSV.L,2020-09-01 14:04:00,252.0,1285.0,1285.0,1285.0,1285.0
HSV.L,2020-09-01 14:03:00,399.0,1284.0,1284.0,1284.0,1284.0
HSV.L,2020-09-01 14:02:00,562.0,1286.0,1287.0,1287.0,1286.0
HSV.L,2020-09-01 14:01:00,86.0,1287.0,1287.0,1287.0,1287.0
HSV.L,2020-09-01 14:00:00,737.0,1288.0,1289.0,1289.0,1288.0
HSV.L,2020-09-01 13:59:00,799.0,1289.0,1291.0,1291.0,1289.0
HSV.L,2020-09-01 13:58:00,99.0,1291.0,1291.0,1291.0,1291.0
HSV.L,2020-09-01 13:57:00,43.0,1291.0,1291.0,1291.0,1291.0
HSV.L,2020-09-01 13:56:00,1047.0,1291.300048828125,1294.0,1294.0,1291.300048828125
HSV.L,2020-09-01 13:55:00,2.0,1293.0,1293.0,1293.0,1293.0
HSV.L,2020-09-01 13:53:00,217.0,1294.0,1294.0,1294.0,1294.0
HSV.L,2020-09-01 13:52:00,1031.0,1295.0,1295.0,1295.0,1295.0
HSV.L,2020-09-01 13:51:00,60.0,1293.0,1293.0,1293.0,1293.0
HSV.L,2020-09-01 13:50:00,605.0,1294.0,1294.0,1294.0,1294.0
HSV.L,2020-09-01 13:49:00,1031.0,1295.0,1296.0,1296.0,1295.0
HSV.L,2020-09-01 13:48:00,8.0,1296.0,1296.0,1296.0,1296.0
HSV.L,2020-09-01 13:45:00,46.0,1296.0,1296.0,1296.0,1296.0
HSV.L,2020-09-01 13:44:00,1088.0,1297.0,1298.0,1298.0,1297.0
HSV.L,2020-09-01 13:43:00,36.0,1298.0,1298.0,1298.0,1298.0
HSV.L,2020-09-01 13:40:00,751.0,1299.0,1299.0,1299.0,1299.0
HSV.L,2020-09-01 13:38:00,555.0,1299.0,1299.0,1299.0,1299.0
HSV.L,2020-09-01 13:32:00,63.0,1297.0,1297.0,1297.0,1297.0
HSV.L,2020-09-01 13:30:00,105.0,1297.0,1296.0,1297.0,1296.0
HSV.L,2020-09-01 13:29:00,1542.0,1297.0,1297.0,1297.0,1297.0
HSV.L,2020-09-01 13:22:00,47.0,1296.0,1296.0,1296.0,1296.0
HSV.L,2020-09-01 13:21:00,4812.0,1295.0,1293.0,1295.0,1293.0
HSV.L,2020-09-01 13:20:00,56.0,1291.0,1291.0,1291.0,1291.0
HSV.L,2020-09-01 13:19:00,274.0,1292.0,1292.0,1292.0,1292.0
HSV.L,2020-09-01 13:18:00,199.0,1292.0,1293.0,1293.0,1292.0
HSV.L,2020-09-01 13:15:00,59.0,1293.0,1293.0,1293.0,1293.0
HSV.L,2020-09-01 13:14:00,465.0,1294.0,1294.0,1294.0,1294.0
HSV.L,2020-09-01 13:11:00,776.0,1294.0,1294.0,1294.0,1294.0
HSV.L,2020-09-01 13:07:00,56.0,1295.0,1294.0,1295.0,1294.0
HSV.L,2020-09-01 13:05:00,2101.0,1295.0,1294.0,1295.0,1294.0
HSV.L,2020-09-01 13:04:00,435.0,1294.0,1295.0,1295.0,1294.0
HSV.L,2020-09-01 13:03:00,257.0,1295.0,1294.0,1295.0,1294.0
HSV.L,2020-09-01 12:59:00,152.0,1295.0,1295.0,1295.0,1295.0
HSV.L,2020-09-01 12:58:00,148.0,1294.3050537109375,1294.3050537109375,1294.3050537109375,1294.3050537109375
HSV.L,2020-09-01 12:56:00,1294.0,1294.0,1294.0,1294.0,1294.0
HSV.L,2020-09-01 12:51:00,1070.0,1294.0,1295.0,1295.0,1294.0
HSV.L,2020-09-01 12:50:00,63.0,1295.0,1295.0,1295.0,1295.0
HSV.L,2020-09-01 12:49:00,29.0,1296.0,1296.0,1296.0,1296.0
HSV.L,2020-09-01 12:48:00,42.0,1295.0,1295.0,1295.0,1295.0
HSV.L,2020-09-01 12:47:00,343.0,1296.0,1296.0,1296.0,1296.0
HSV.L,2020-09-01 12:46:00,518.0,1295.0,1295.0,1295.0,1295.0
HSV.L,2020-09-01 12:43:00,44.0,1293.0,1293.0,1293.0,1293.0
HSV.L,2020-09-01 12:42:00,4986.0,1294.0,1291.0,1294.0,1291.0
HSV.L,2020-09-01 12:40:00,47.0,1292.0,1292.0,1292.0,1292.0
HSV.L,2020-09-01 12:39:00,46.0,1292.0,1292.0,1292.0,1292.0
HSV.L,2020-09-01 12:34:00,156891.0,1293.0,1293.0,1293.0,1293.0
HSV.L,2020-09-01 12:33:00,0.0,1294.0,1294.0,1294.0,1294.0
HSV.L,2020-09-01 12:31:00,14.0,1295.0,1295.0,1295.0,1295.0
HSV.L,2020-09-01 12:24:00,28.0,1295.0,1295.0,1295.0,1295.0
HSV.L,2020-09-01 12:23:00,53.0,1296.0,1294.0,1296.0,1294.0
HSV.L,2020-09-01 12:22:00,112.0,1295.0,1295.0,1295.0,1295.0
HSV.L,2020-09-01 12:21:00,60.0,1295.0,1295.0,1295.0,1295.0
HSV.L,2020-09-01 12:18:00,1074.0,1296.0,1297.0,1297.0,1296.0
HSV.L,2020-09-01 12:15:00,1140.0,1296.0,1296.0,1297.0,1296.0
HSV.L,2020-09-01 12:14:00,5894.0,1297.0,1293.0,1298.0,1293.0
HSV.L,2020-09-01 12:12:00,30.0,1293.0,1293.0,1293.0,1293.0
HSV.L,2020-09-01 12:11:00,206.0,1295.0,1295.0,1295.0,1295.0
HSV.L,2020-09-01 12:10:00,1758.0,1294.0,1293.0,1294.0,1293.0
HSV.L,2020-09-01 12:08:00,31.0,1293.0,1292.0,1293.0,1292.0
HSV.L,2020-09-01 12:03:00,537.0,1290.0,1291.0,1291.0,1290.0
HSV.L,2020-09-01 12:02:00,1117.0,1291.0,1290.0,1291.0,1290.0
HSV.L,2020-09-01 11:59:00,260.0,1292.0,1292.0,1292.0,1292.0
HSV.L,2020-09-01 11:58:00,1619.0,1293.0,1293.0,1293.0,1292.0
HSV.L,2020-09-01 11:51:00,10.0,1294.0,1294.0,1294.0,1294.0
HSV.L,2020-09-01 11:50:00,119.0,1294.0,1293.0,1294.0,1292.0
HSV.L,2020-09-01 11:47:00,36.0,1293.0,1293.0,1293.0,1293.0
HSV.L,2020-09-01 11:46:00,964.0,1293.0,1294.0,1295.0,1293.0
HSV.L,2020-09-01 11:45:00,693.0,1294.0,1295.0,1295.0,1294.0
HSV.L,2020-09-01 11:44:00,524.0,1294.0,1294.0,1294.0,1294.0
HSV.L,2020-09-01 11:43:00,136.0,1295.0,1295.0,1295.0,1295.0
HSV.L,2020-09-01 11:42:00,2729.0,1294.0,1294.0,1295.0,1294.0
HSV.L,2020-09-01 11:40:00,946.0,1293.0,1293.0,1293.0,1293.0
HSV.L,2020-09-01 11:39:00,400.0,1294.0,1295.0,1295.0,1294.0
HSV.L,2020-09-01 11:36:00,73.0,1296.0,1296.0,1296.0,1296.0
HSV.L,2020-09-01 11:33:00,2.0,1296.0,1296.0,1296.0,1296.0
HSV.L,2020-09-01 11:28:00,64.0,1295.0,1295.0,1295.0,1295.0
HSV.L,2020-09-01 11:27:00,471.0,1295.0,1296.0,1296.0,1295.0
HSV.L,2020-09-01 11:26:00,770.0,1295.0,1295.0,1295.0,1295.0
HSV.L,2020-09-01 11:25:00,261.0,1294.0,1294.0,1294.0,1294.0
HSV.L,2020-09-01 11:24:00,1739.0,1294.0,1294.0,1295.0,1294.0
HSV.L,2020-09-01 11:22:00,441.0,1295.0,1295.0,1295.0,1295.0
HSV.L,2020-09-01 11:21:00,57.0,1293.0,1293.0,1293.0,1293.0
HSV.L,2020-09-01 11:20:00,979.0,1294.0,1294.0,1295.0,1294.0
HSV.L,2020-09-01 11:19:00,505.0,1295.0,1295.0,1295.0,1295.0
HSV.L,2020-09-01 11:18:00,198.0,1295.0,1295.0,1295.0,1295.0
HSV.L,2020-09-01 11:17:00,16.0,1294.0,1294.0,1294.0,1294.0
HSV.L,2020-09-01 11:15:00,69.0,1294.0,1294.0,1294.0,1294.0
HSV.L,2020-09-01 11:14:00,579.0,1294.0,1295.0,1295.0,1294.0
HSV.L,2020-09-01 11:13:00,484.0,1295.6949462890625,1294.0,1295.6949462890625,1294.0
HSV.L,2020-09-01 11:12:00,1605.0,1295.0,1293.0,1295.0,1293.0
HSV.L,2020-09-01 11:11:00,905.0,1293.0,1294.0,1294.0,1293.0
HSV.L,2020-09-01 11:05:00,78.0,1293.0,1293.0,1293.0,1293.0
HSV.L,2020-09-01 11:04:00,316.0,1293.0,1294.0,1294.0,1293.0
HSV.L,2020-09-01 11:03:00,827.0,1295.0,1293.0,1295.0,1293.0
HSV.L,2020-09-01 11:02:00,4264.0,1294.0,1293.0,1294.0,1292.0
HSV.L,2020-09-01 11:01:00,1.0,1293.0,1293.0,1293.0,1293.0
HSV.L,2020-09-01 10:59:00,10.0,1294.0,1294.0,1294.0,1294.0
HSV.L,2020-09-01 10:57:00,112.0,1294.0,1294.0,1294.0,1294.0
HSV.L,2020-09-01 10:56:00,248.0,1294.0,1294.0,1294.0,1294.0
HSV.L,2020-09-01 10:53:00,250.0,1295.0,1295.0,1295.0,1295.0
HSV.L,2020-09-01 10:52:00,32.0,1296.0,1296.0,1296.0,1296.0
HSV.L,2020-09-01 10:51:00,407.0,1297.0,1295.0,1297.0,1295.0
HSV.L,2020-09-01 10:50:00,1559.0,1296.0,1295.0,1296.0,1295.0
HSV.L,2020-09-01 10:49:00,397.0,1295.0,1295.0,1295.0,1295.0
HSV.L,2020-09-01 10:47:00,1.0,1294.0,1294.0,1294.0,1294.0
HSV.L,2020-09-01 10:46:00,2521.0,1294.0,1295.0,1296.0,1294.0
HSV.L,2020-09-01 10:45:00,1777.0,1296.0,1298.0,1298.0,1296.0
HSV.L,2020-09-01 10:44:00,1024.0,1298.300048828125,1298.0,1300.0,1298.0
HSV.L,2020-09-01 10:42:00,322.0,1299.0,1299.0,1299.0,1299.0
HSV.L,2020-09-01 10:41:00,391.0,1300.0,1300.0,1300.0,1300.0
HSV.L,2020-09-01 10:40:00,287.0,1298.0,1299.0,1299.0,1298.0
HSV.L,2020-09-01 10:38:00,400.0,1299.0,1299.0,1299.0,1299.0
HSV.L,2020-09-01 10:37:00,3568.0,1299.0,1299.0,1300.0,1299.0
HSV.L,2020-09-01 10:35:00,183.0,1300.0,1300.0,1300.0,1300.0
HSV.L,2020-09-01 10:33:00,857.0,1300.0,1299.971435546875,1300.0,1299.971435546875
HSV.L,2020-09-01 10:32:00,23.0,1298.0,1298.0,1298.0,1298.0
HSV.L,2020-09-01 10:31:00,389.0,1300.0,1298.0,1300.0,1298.0
HSV.L,2020-09-01 10:30:00,211.0,1300.0,1300.0,1300.0,1300.0
HSV.L,2020-09-01 10:29:00,349.0,1300.0,1300.0,1300.0,1300.0
HSV.L,2020-09-01 10:27:00,340.0,1300.0,1300.0,1300.0,1300.0
HSV.L,2020-09-01 10:26:00,3503.0,1298.0,1298.0,1300.0,1298.0
HSV.L,2020-09-01 10:24:00,814.0,1296.0,1295.0,1296.0,1295.0
HSV.L,2020-09-01 10:23:00,1454.0,1295.0,1294.6949462890625,1295.0,1294.6949462890625
HSV.L,2020-09-01 10:22:00,597.0,1293.0,1294.0,1294.0,1293.0
HSV.L,2020-09-01 10:21:00,428.0,1293.0,1293.0,1293.0,1293.0
HSV.L,2020-09-01 10:20:00,37.0,1294.0,1294.0,1294.0,1294.0
HSV.L,2020-09-01 10:18:00,128.0,1293.0,1293.0,1293.0,1293.0
HSV.L,2020-09-01 10:17:00,498.0,1295.0,1295.0,1295.0,1295.0
HSV.L,2020-09-01 10:16:00,400.0,1296.0,1296.0,1296.0,1296.0
HSV.L,2020-09-01 10:15:00,1476.0,1297.0,1297.0,1297.0,1297.0
HSV.L,2020-09-01 10:14:00,77.0,1295.0,1295.0,1295.0,1295.0
HSV.L,2020-09-01 10:12:00,105.0,1294.0,1294.0,1294.0,1294.0
HSV.L,2020-09-01 10:11:00,141.0,1295.0,1295.0,1295.0,1295.0
HSV.L,2020-09-01 10:08:00,53.0,1293.0,1293.0,1293.0,1293.0
HSV.L,2020-09-01 10:07:00,860.0,1293.0,1293.0,1293.0,1292.0
HSV.L,2020-09-01 10:06:00,2746.0,1294.0,1296.0,1296.0,1294.0
HSV.L,2020-09-01 10:05:00,728.0,1295.0,1295.0,1295.0,1295.0
HSV.L,2020-09-01 10:03:00,250.0,1295.0,1295.0,1295.0,1295.0
HSV.L,2020-09-01 10:02:00,1112.0,1294.0,1292.0,1294.0,1292.0
HSV.L,2020-09-01 10:01:00,2498.0,1294.0,1295.0,1295.0,1294.0
HSV.L,2020-09-01 10:00:00,422.0,1294.0,1293.0,1294.0,1292.0
HSV.L,2020-09-01 09:59:00,49.0,1293.0,1293.0,1293.0,1293.0
HSV.L,2020-09-01 09:58:00,50.0,1292.0,1292.0,1292.0,1292.0
HSV.L,2020-09-01 09:57:00,65.0,1293.0,1293.0,1293.0,1293.0
HSV.L,2020-09-01 09:56:00,433.0,1293.0,1293.0,1293.0,1293.0
HSV.L,2020-09-01 09:55:00,421.0,1293.0,1293.0,1293.0,1293.0
HSV.L,2020-09-01 09:54:00,239.0,1293.0,1293.0,1293.0,1293.0
HSV.L,2020-09-01 09:53:00,2190.0,1293.0,1294.0,1294.0,1292.0
HSV.L,2020-09-01 09:51:00,1102.0,1293.0,1294.0,1294.0,1293.0
HSV.L,2020-09-01 09:50:00,222.0,1295.0,1295.0,1295.0,1295.0
HSV.L,2020-09-01 09:48:00,1099.0,1295.0,1294.0,1295.0,1294.0
HSV.L,2020-09-01 09:46:00,1328.0,1293.0,1293.0,1293.0,1292.0
HSV.L,2020-09-01 09:45:00,543.0,1293.0,1293.0,1293.0,1293.0
HSV.L,2020-09-01 09:44:00,459.0,1293.0,1293.0,1293.0,1293.0
HSV.L,2020-09-01 09:42:00,1015.0,1293.0,1295.0,1295.0,1293.0
HSV.L,2020-09-01 09:39:00,150.0,1295.0,1296.0,1296.0,1295.0
HSV.L,2020-09-01 09:38:00,296.0,1297.0,1296.699951171875,1297.0,1296.699951171875
HSV.L,2020-09-01 09:35:00,187.0,1297.0,1297.0,1297.0,1297.0
HSV.L,2020-09-01 09:34:00,250.0,1295.0,1295.0,1295.0,1295.0
HSV.L,2020-09-01 09:33:00,705.0,1293.0,1293.0,1293.0,1293.0
HSV.L,2020-09-01 09:32:00,4129.0,1292.0,1291.0,1293.0,1291.0
HSV.L,2020-09-01 09:31:00,2.0,1291.0,1291.0,1291.0,1291.0
HSV.L,2020-09-01 09:30:00,5762.0,1289.0,1291.0,1291.0,1289.0
HSV.L,2020-09-01 09:29:00,40.0,1292.885009765625,1292.885009765625,1292.885009765625,1292.885009765625
HSV.L,2020-09-01 09:28:00,2252.0,1291.0,1290.0,1292.0,1290.0
HSV.L,2020-09-01 09:26:00,250.0,1289.0,1289.0,1289.0,1289.0
HSV.L,2020-09-01 09:25:00,136.0,1290.0,1289.0,1290.0,1289.0
HSV.L,2020-09-01 09:24:00,1508.0,1288.0,1287.0,1288.0,1286.0
HSV.L,2020-09-01 09:23:00,361.0,1288.0,1288.0,1288.0,1288.0
HSV.L,2020-09-01 09:22:00,113.0,1287.0,1288.885009765625,1288.885009765625,1287.0
HSV.L,2020-09-01 09:21:00,508.0,1286.0,1286.0,1286.0,1286.0
HSV.L,2020-09-01 09:19:00,8.0,1285.0,1285.0,1285.0,1285.0
HSV.L,2020-09-01 09:18:00,3060.0,1284.0,1283.0,1284.0,1283.0
HSV.L,2020-09-01 09:17:00,4165.0,1282.0,1280.0,1282.0,1280.0
HSV.L,2020-09-01 09:16:00,313.0,1278.3050537109375,1278.3050537109375,1278.3050537109375,1278.3050537109375
HSV.L,2020-09-01 09:14:00,93.0,1280.0,1280.0,1280.0,1280.0
HSV.L,2020-09-01 09:13:00,146.0,1281.0,1281.0,1281.0,1281.0
HSV.L,2020-09-01 09:12:00,181.0,1282.0,1282.0,1282.0,1282.0
HSV.L,2020-09-01 09:10:00,3.0,1282.0,1282.0,1282.0,1282.0
HSV.L,2020-09-01 09:08:00,153.0,1283.0,1283.0,1283.0,1283.0
HSV.L,2020-09-01 09:07:00,820.0,1283.0,1282.0,1283.0,1282.0
HSV.L,2020-09-01 09:05:00,1356.0,1283.0,1283.0,1284.0,1283.0
HSV.L,2020-09-01 09:04:00,640.0,1284.0,1284.0,1284.0,1283.0
HSV.L,2020-09-01 09:03:00,233.0,1285.8900146484375,1285.8900146484375,1285.8900146484375,1285.8900146484375
HSV.L,2020-09-01 09:02:00,1158.0,1285.0,1284.3050537109375,1286.0,1284.3050537109375
HSV.L,2020-09-01 09:01:00,1031.0,1285.0,1285.0,1285.0,1285.0
HSV.L,2020-09-01 09:00:00,250.0,1284.0,1284.0,1284.0,1284.0
HSV.L,2020-09-01 08:57:00,367.0,1284.0,1284.0,1284.0,1284.0
HSV.L,2020-09-01 08:56:00,541.0,1284.300048828125,1285.0,1285.0,1284.300048828125
HSV.L,2020-09-01 08:55:00,905.0,1284.0,1284.0,1284.0,1283.0
HSV.L,2020-09-01 08:54:00,888.0,1284.0,1285.0,1285.0,1284.0
HSV.L,2020-09-01 08:53:00,10.0,1288.0,1288.0,1288.0,1288.0
HSV.L,2020-09-01 08:50:00,123.0,1288.0,1288.0,1288.0,1288.0
HSV.L,2020-09-01 08:49:00,212.0,1290.0,1290.0,1290.0,1290.0
HSV.L,2020-09-01 08:48:00,294.0,1291.0,1291.0,1291.0,1291.0
HSV.L,2020-09-01 08:44:00,368.0,1293.0,1293.0,1293.0,1293.0
HSV.L,2020-09-01 08:40:00,807.0,1295.0,1294.0,1295.0,1294.0
HSV.L,2020-09-01 08:39:00,392.0,1293.0,1293.0,1293.0,1293.0
HSV.L,2020-09-01 08:38:00,125.0,1294.0,1294.0,1294.0,1294.0
HSV.L,2020-09-01 08:36:00,914.0,1294.0,1294.0,1296.0,1294.0
HSV.L,2020-09-01 08:35:00,228.0,1293.0,1293.0,1293.0,1293.0
HSV.L,2020-09-01 08:33:00,551.0,1292.0,1291.0,1292.0,1291.0
HSV.L,2020-09-01 08:31:00,274.0,1291.0,1291.0,1291.0,1291.0
HSV.L,2020-09-01 08:30:00,1.0,1292.0,1292.0,1292.0,1292.0
HSV.L,2020-09-01 08:29:00,4800.0,1293.0,1291.0,1293.0,1291.0
HSV.L,2020-09-01 08:27:00,4435.0,1293.0,1293.0,1293.0,1292.0
HSV.L,2020-09-01 08:26:00,250.0,1295.0,1295.0,1295.0,1295.0
HSV.L,2020-09-01 08:25:00,745.0,1295.0,1296.0,1296.0,1295.0
HSV.L,2020-09-01 08:23:00,1451.0,1297.0,1297.0,1297.0,1297.0
HSV.L,2020-09-01 08:21:00,732.0,1295.0,1294.0,1295.0,1294.0
HSV.L,2020-09-01 08:20:00,760.0,1295.0,1293.0,1295.0,1293.0
HSV.L,2020-09-01 08:16:00,792.0,1296.0,1296.0,1296.0,1295.0
HSV.L,2020-09-01 08:15:00,224.0,1297.8349609375,1297.0,1297.8349609375,1297.0
HSV.L,2020-09-01 08:14:00,931.0,1296.0,1293.0,1296.0,1293.0
HSV.L,2020-09-01 08:12:00,9936.0,1294.0,1298.0,1298.0,1293.0
HSV.L,2020-09-01 08:11:00,2627.0,1297.0780029296875,1297.0780029296875,1297.0780029296875,1297.0780029296875
HSV.L,2020-09-01 08:10:00,378.0,1298.0,1299.0,1300.0,1298.0
HSV.L,2020-09-01 08:09:00,986.0,1299.0,1299.0,1299.0,1298.0
HSV.L,2020-09-01 08:08:00,1065.0,1300.0,1298.0,1300.0,1298.0
HSV.L,2020-09-01 08:07:00,1484.0,1299.0,1299.0,1299.0,1297.0
HSV.L,2020-09-01 08:06:00,208.0,1299.0,1298.0,1299.0,1298.0
HSV.L,2020-09-01 08:05:00,1107.0,1300.0,1300.0,1302.0,1300.0
HSV.L,2020-09-01 08:04:00,1440.0,1302.0,1300.0,1302.0,1300.0
HSV.L,2020-09-01 08:02:00,250.0,1300.0,1300.0,1300.0,1300.0
HSV.L,2020-09-01 08:01:00,735.0,1299.0,1298.0,1299.0,1298.0
HSV.L,2020-09-01 08:00:00,0.0,1298.737548828125,1297.0,1298.737548828125,1295.0
