symbol,date,open,volume,high,low,close,dividends
TY,2020-06-12 09:30:00,25.09000015258789,0,25.398300170898438,25.09000015258789,25.104000091552734,0.0
TY,2020-06-12 10:30:00,24.979999542236328,16873,25.040000915527344,24.6299991607666,24.75,0.0
TY,2020-06-12 11:30:00,24.700000762939453,16280,25.059900283813477,24.700000762939453,24.915000915527344,0.0
TY,2020-06-12 12:30:00,24.899999618530273,12042,24.91990089416504,24.7632999420166,24.7632999420166,0.0
TY,2020-06-12 13:30:00,24.760000228881836,17547,24.760000228881836,24.566499710083008,24.636199951171875,0.0
TY,2020-06-12 14:30:00,24.709999084472656,8627,24.790000915527344,24.65999984741211,24.709999084472656,0.0
TY,2020-06-12 15:30:00,24.700000762939453,14837,24.920000076293945,24.700000762939453,24.90999984741211,0.0
TY,2020-06-15 09:30:00,24.489999771118164,0,24.6299991607666,24.360000610351562,24.540000915527344,0.0
TY,2020-06-15 10:30:00,24.59000015258789,5970,24.73200035095215,24.59000015258789,24.729999542236328,0.0
TY,2020-06-15 11:30:00,24.65999984741211,7044,24.809999465942383,24.649999618530273,24.80299949645996,0.0
TY,2020-06-15 12:30:00,24.81999969482422,7031,24.969999313354492,24.81999969482422,24.920000076293945,0.0
TY,2020-06-15 13:30:00,24.940000534057617,6084,25.16830062866211,24.8700008392334,25.15999984741211,0.0
TY,2020-06-15 14:30:00,25.1299991607666,16222,25.149999618530273,25.0,25.0,0.0
TY,2020-06-15 15:30:00,24.950000762939453,7796,25.049999237060547,24.899999618530273,25.030000686645508,0.0
TY,2020-06-16 09:30:00,25.06999969482422,6820,25.209999084472656,25.06999969482422,25.209999084472656,0.282
TY,2020-06-16 10:30:00,25.209999084472656,8946,25.209999084472656,24.749000549316406,25.1299991607666,0.0
TY,2020-06-16 11:30:00,25.010000228881836,7682,25.1299991607666,24.974599838256836,25.010000228881836,0.0
TY,2020-06-16 12:30:00,25.049999237060547,5778,25.18000030517578,25.045000076293945,25.149999618530273,0.0
TY,2020-06-16 13:30:00,25.1200008392334,4354,25.200000762939453,25.079999923706055,25.079999923706055,0.0
TY,2020-06-16 14:30:00,25.18000030517578,31004,25.200000762939453,25.040000915527344,25.047300338745117,0.0
TY,2020-06-16 15:30:00,25.100000381469727,7136,25.1299991607666,25.040000915527344,25.1299991607666,0.0
TY,2020-06-17 09:30:00,25.31999969482422,0,25.31999969482422,24.989999771118164,24.989999771118164,0.0
TY,2020-06-17 10:30:00,24.969999313354492,17457,25.100000381469727,24.969999313354492,25.030000686645508,0.0
TY,2020-06-17 11:30:00,25.06999969482422,9761,25.100000381469727,25.051000595092773,25.06999969482422,0.0
TY,2020-06-17 12:30:00,25.100000381469727,16935,25.190000534057617,25.040000915527344,25.190000534057617,0.0
TY,2020-06-17 13:30:00,25.11639976501465,502,25.185400009155273,25.110000610351562,25.185400009155273,0.0
TY,2020-06-17 14:30:00,25.174999237060547,5506,25.18899917602539,25.010000228881836,25.010000228881836,0.0
TY,2020-06-17 15:30:00,25.01799964904785,6001,25.01799964904785,24.950000762939453,24.989999771118164,0.0
TY,2020-06-18 09:30:00,25.0,0,25.01099967956543,24.83009910583496,25.01099967956543,0.0
TY,2020-06-18 10:30:00,24.940000534057617,1911,25.040000915527344,24.940000534057617,25.040000915527344,0.0
TY,2020-06-18 11:30:00,25.020000457763672,2519,25.020000457763672,24.889999389648438,24.999900817871094,0.0
TY,2020-06-18 12:30:00,24.950000762939453,1833,24.950000762939453,24.950000762939453,24.950000762939453,0.0
TY,2020-06-18 13:30:00,24.92009925842285,5460,24.97599983215332,24.92009925842285,24.959999084472656,0.0
TY,2020-06-18 14:30:00,24.969999313354492,5842,24.979999542236328,24.84000015258789,24.84000015258789,0.0
TY,2020-06-18 15:30:00,24.90999984741211,2701,24.959999084472656,24.90999984741211,24.959999084472656,0.0
TY,2020-06-19 09:30:00,25.1299991607666,6352,25.18400001525879,25.059999465942383,25.1200008392334,0.0
TY,2020-06-19 10:30:00,25.059999465942383,7417,25.10099983215332,25.0,25.0,0.0
TY,2020-06-19 11:30:00,25.0,5741,25.079999923706055,24.760000228881836,24.8085994720459,0.0
TY,2020-06-19 12:30:00,24.75,9454,24.885000228881836,24.739999771118164,24.809999465942383,0.0
TY,2020-06-19 13:30:00,24.790000915527344,13922,24.790000915527344,24.65999984741211,24.739200592041016,0.0
TY,2020-06-19 14:30:00,24.739999771118164,3810,24.832000732421875,24.709999084472656,24.832000732421875,0.0
TY,2020-06-19 15:30:00,24.829999923706055,5033,24.829999923706055,24.770000457763672,24.78499984741211,0.0
TY,2020-06-22 09:30:00,24.68000030517578,0,24.809999465942383,24.59000015258789,24.76729965209961,0.0
TY,2020-06-22 10:30:00,24.760000228881836,4070,24.790000915527344,24.729999542236328,24.789899826049805,0.0
TY,2020-06-22 11:30:00,24.790000915527344,3627,24.84000015258789,24.770099639892578,24.84000015258789,0.0
TY,2020-06-22 12:30:00,24.850000381469727,5237,24.909900665283203,24.83340072631836,24.850000381469727,0.0
TY,2020-06-22 13:30:00,24.84000015258789,5698,24.90999984741211,24.84000015258789,24.905399322509766,0.0
TY,2020-06-22 14:30:00,24.90999984741211,11049,25.0,24.90999984741211,24.90999984741211,0.0
TY,2020-06-22 15:30:00,24.92460060119629,5503,24.93160057067871,24.8799991607666,24.8799991607666,0.0
TY,2020-06-23 09:30:00,25.170000076293945,0,25.251300811767578,25.100799560546875,25.15999984741211,0.0
TY,2020-06-23 10:30:00,25.155000686645508,6408,25.2450008392334,25.1200008392334,25.2450008392334,0.0
TY,2020-06-23 11:30:00,25.2450008392334,7889,25.297399520874023,25.161800384521484,25.178600311279297,0.0
TY,2020-06-23 12:30:00,25.229999542236328,8151,25.239999771118164,25.190000534057617,25.219999313354492,0.0
TY,2020-06-23 13:30:00,25.239999771118164,5323,25.239999771118164,25.155000686645508,25.18000030517578,0.0
TY,2020-06-23 14:30:00,25.170000076293945,10560,25.209999084472656,25.100000381469727,25.100000381469727,0.0
TY,2020-06-23 15:30:00,25.06999969482422,5129,25.075000762939453,25.0,25.0,0.0
TY,2020-06-24 09:30:00,24.969999313354492,0,24.969999313354492,24.690000534057617,24.690799713134766,0.0
TY,2020-06-24 10:30:00,24.764999389648438,7220,24.764999389648438,24.540000915527344,24.540000915527344,0.0
TY,2020-06-24 11:30:00,24.565000534057617,21896,24.565000534057617,24.329999923706055,24.360000610351562,0.0
TY,2020-06-24 12:30:00,24.43000030517578,2972,24.499500274658203,24.399999618530273,24.399999618530273,0.0
TY,2020-06-24 13:30:00,24.399999618530273,20323,24.610000610351562,24.399999618530273,24.540000915527344,0.0
TY,2020-06-24 14:30:00,24.56999969482422,5458,24.56999969482422,24.469999313354492,24.559999465942383,0.0
TY,2020-06-24 15:30:00,24.579999923706055,13568,24.6299991607666,24.520000457763672,24.530000686645508,0.0
TY,2020-06-25 09:30:00,24.719999313354492,0,24.729999542236328,24.450000762939453,24.610000610351562,0.0
TY,2020-06-25 10:30:00,24.579999923706055,8861,24.6200008392334,24.43000030517578,24.468599319458008,0.0
TY,2020-06-25 11:30:00,24.5492000579834,7021,24.579999923706055,24.440000534057617,24.56999969482422,0.0
TY,2020-06-25 12:30:00,24.59000015258789,6080,24.600000381469727,24.530000686645508,24.53730010986328,0.0
TY,2020-06-25 13:30:00,24.540000915527344,10442,24.579999923706055,24.489999771118164,24.489999771118164,0.0
TY,2020-06-25 14:30:00,24.489999771118164,9036,24.649999618530273,24.489999771118164,24.649999618530273,0.0
TY,2020-06-25 15:30:00,24.6299991607666,7133,24.68000030517578,24.6299991607666,24.649999618530273,0.0
TY,2020-06-26 09:30:00,24.600000381469727,0,24.600000381469727,24.299999237060547,24.299999237060547,0.0
TY,2020-06-26 10:30:00,24.312000274658203,5970,24.34000015258789,24.219999313354492,24.285499572753906,0.0
TY,2020-06-26 11:30:00,24.280000686645508,16062,24.420000076293945,24.25,24.253599166870117,0.0
TY,2020-06-26 12:30:00,24.250600814819336,11122,24.3799991607666,24.25,24.325000762939453,0.0
TY,2020-06-26 13:30:00,24.3799991607666,13721,24.3799991607666,24.200000762939453,24.210100173950195,0.0
TY,2020-06-26 14:30:00,24.15999984741211,11763,24.21139907836914,24.1299991607666,24.15999984741211,0.0
TY,2020-06-26 15:30:00,24.139999389648438,11073,24.239999771118164,24.1299991607666,24.139999389648438,0.0
TY,2020-06-29 09:30:00,24.290000915527344,0,24.290000915527344,24.110000610351562,24.2450008392334,0.0
TY,2020-06-29 10:30:00,24.263099670410156,8262,24.3799991607666,24.263099670410156,24.30820083618164,0.0
TY,2020-06-29 11:30:00,24.3341007232666,3087,24.3799991607666,24.300100326538086,24.3799991607666,0.0
TY,2020-06-29 12:30:00,24.420000076293945,2095,24.420000076293945,24.362300872802734,24.362300872802734,0.0
TY,2020-06-29 13:30:00,24.350000381469727,8763,24.43000030517578,24.350000381469727,24.40999984741211,0.0
TY,2020-06-29 14:30:00,24.3799991607666,3660,24.38800048828125,24.360000610351562,24.38800048828125,0.0
TY,2020-06-29 15:30:00,24.360000610351562,10660,24.420000076293945,24.350000381469727,24.420000076293945,0.0
TY,2020-06-30 09:30:00,24.3799991607666,0,24.53499984741211,24.280000686645508,24.49690055847168,0.0
TY,2020-06-30 10:30:00,24.510000228881836,2637,24.609899520874023,24.491300582885742,24.520000457763672,0.0
TY,2020-06-30 11:30:00,24.60379981994629,10156,24.670000076293945,24.56999969482422,24.636600494384766,0.0
TY,2020-06-30 12:30:00,24.610000610351562,10246,24.649999618530273,24.40999984741211,24.50550079345703,0.0
TY,2020-06-30 13:30:00,24.489999771118164,0,24.575000762939453,24.489999771118164,24.575000762939453,0.0
TY,2020-06-30 14:30:00,24.543699264526367,46376,24.549999237060547,24.510000228881836,24.549999237060547,0.0
TY,2020-06-30 15:30:00,24.559999465942383,14103,24.75,24.559999465942383,24.729999542236328,0.0
TY,2020-07-01 09:30:00,24.709999084472656,0,24.84000015258789,24.673900604248047,24.84000015258789,0.0
TY,2020-07-01 10:30:00,24.829999923706055,7968,24.8799991607666,24.770000457763672,24.770000457763672,0.0
TY,2020-07-01 11:30:00,24.809999465942383,4006,24.889999389648438,24.809999465942383,24.8700008392334,0.0
TY,2020-07-01 12:30:00,24.8700008392334,3135,24.8700008392334,24.841800689697266,24.841800689697266,0.0
TY,2020-07-01 13:30:00,24.84000015258789,2145,24.8799991607666,24.84000015258789,24.8799991607666,0.0
TY,2020-07-01 14:30:00,24.90999984741211,15151,24.90999984741211,24.81999969482422,24.86009979248047,0.0
TY,2020-07-01 15:30:00,24.899999618530273,8711,24.899999618530273,24.799999237060547,24.809999465942383,0.0
TY,2020-07-02 09:30:00,25.049999237060547,0,25.18000030517578,25.0,25.030000686645508,0.0
TY,2020-07-02 10:30:00,25.068500518798828,4545,25.068500518798828,24.926599502563477,24.93000030517578,0.0
TY,2020-07-02 11:30:00,24.940000534057617,1033,24.96500015258789,24.940000534057617,24.95509910583496,0.0
TY,2020-07-02 12:30:00,24.9778995513916,1869,25.010000228881836,24.93000030517578,25.010000228881836,0.0
TY,2020-07-02 13:30:00,25.030000686645508,10690,25.049999237060547,25.0,25.0,0.0
TY,2020-07-02 14:30:00,25.034000396728516,6146,25.049999237060547,25.020000457763672,25.020000457763672,0.0
TY,2020-07-02 15:30:00,25.0,8851,25.010000228881836,24.920000076293945,24.969999313354492,0.0
TY,2020-07-06 09:30:00,25.1200008392334,0,25.209999084472656,25.100000381469727,25.100000381469727,0.0
TY,2020-07-06 10:30:00,25.079999923706055,21419,25.229999542236328,24.940000534057617,25.219999313354492,0.0
TY,2020-07-06 11:30:00,25.209999084472656,3516,25.219900131225586,25.1466007232666,25.16550064086914,0.0
TY,2020-07-06 12:30:00,25.1200008392334,3060,25.187700271606445,25.1200008392334,25.183000564575195,0.0
TY,2020-07-06 13:30:00,25.190000534057617,5126,25.200000762939453,25.1200008392334,25.1200008392334,0.0
TY,2020-07-06 14:30:00,25.1200008392334,4830,25.149999618530273,25.110000610351562,25.1299991607666,0.0
TY,2020-07-06 15:30:00,25.1200008392334,5742,25.170000076293945,25.110000610351562,25.110000610351562,0.0
TY,2020-07-07 09:30:00,25.06999969482422,0,25.110000610351562,25.010000228881836,25.110000610351562,0.0
TY,2020-07-07 10:30:00,25.08009910583496,6223,25.170000076293945,25.079999923706055,25.170000076293945,0.0
TY,2020-07-07 11:30:00,25.149999618530273,4731,25.17169952392578,25.14929962158203,25.155000686645508,0.0
TY,2020-07-07 12:30:00,25.139999389648438,10672,25.18000030517578,25.100000381469727,25.18000030517578,0.0
TY,2020-07-07 13:30:00,25.142099380493164,8629,25.170000076293945,25.120500564575195,25.1299991607666,0.0
TY,2020-07-07 14:30:00,25.110000610351562,14009,25.110000610351562,25.020000457763672,25.06999969482422,0.0
TY,2020-07-07 15:30:00,25.030000686645508,10008,25.055700302124023,24.950000762939453,24.959999084472656,0.0
TY,2020-07-08 09:30:00,24.90999984741211,0,25.219999313354492,24.90999984741211,25.09000015258789,0.0
TY,2020-07-08 10:30:00,25.125,6972,25.149999618530273,24.989999771118164,24.989999771118164,0.0
TY,2020-07-08 11:30:00,25.040000915527344,4386,25.040000915527344,24.960100173950195,25.009300231933594,0.0
TY,2020-07-08 12:30:00,25.017900466918945,5517,25.040000915527344,24.989999771118164,25.010000228881836,0.0
TY,2020-07-08 13:30:00,25.059999465942383,4731,25.059999465942383,25.0,25.0,0.0
TY,2020-07-08 14:30:00,25.0,2249,25.100000381469727,25.0,25.100000381469727,0.0
TY,2020-07-08 15:30:00,25.06999969482422,2404,25.1200008392334,25.059999465942383,25.06999969482422,0.0
TY,2020-07-09 09:30:00,25.110000610351562,4797,25.110000610351562,24.979999542236328,24.979999542236328,0.0
TY,2020-07-09 10:30:00,24.9950008392334,5930,24.9950008392334,24.690000534057617,24.719999313354492,0.0
TY,2020-07-09 11:30:00,24.75,1759,24.883899688720703,24.729999542236328,24.883899688720703,0.0
TY,2020-07-09 12:30:00,24.810100555419922,6700,24.899999618530273,24.810100555419922,24.84000015258789,0.0
TY,2020-07-09 13:30:00,24.860000610351562,4890,24.93000030517578,24.860000610351562,24.93000030517578,0.0
TY,2020-07-09 14:30:00,24.95989990234375,4033,24.969999313354492,24.92009925842285,24.950000762939453,0.0
TY,2020-07-09 15:30:00,24.950000762939453,8915,24.989900588989258,24.889999389648438,24.889999389648438,0.0
TY,2020-07-10 09:30:00,24.829999923706055,0,25.006999969482422,24.829999923706055,24.959999084472656,0.0
TY,2020-07-10 10:30:00,24.969999313354492,3967,25.08989906311035,24.961999893188477,25.079999923706055,0.0
TY,2020-07-10 11:30:00,25.059999465942383,19709,25.170000076293945,25.059999465942383,25.149999618530273,0.0
TY,2020-07-10 12:30:00,25.149999618530273,5781,25.190000534057617,25.149999618530273,25.149999618530273,0.0
TY,2020-07-10 13:30:00,25.150100708007812,13912,25.190000534057617,25.1299991607666,25.135000228881836,0.0
TY,2020-07-10 14:30:00,25.130199432373047,7357,25.135000228881836,25.040000915527344,25.1299991607666,0.0
TY,2020-07-10 15:30:00,25.149999618530273,12208,25.188400268554688,25.1200008392334,25.139999389648438,0.0
TY,2020-07-13 09:30:00,25.25,0,25.389999389648438,25.25,25.340999603271484,0.0
TY,2020-07-13 10:30:00,25.3799991607666,8467,25.420000076293945,25.325000762939453,25.420000076293945,0.0
TY,2020-07-13 11:30:00,25.450000762939453,2877,25.450000762939453,25.3700008392334,25.3700008392334,0.0
TY,2020-07-13 12:30:00,25.3799991607666,5716,25.429899215698242,25.3700008392334,25.3799991607666,0.0
TY,2020-07-13 13:30:00,25.399999618530273,8937,25.43000030517578,25.299999237060547,25.31999969482422,0.0
TY,2020-07-13 14:30:00,25.299999237060547,12319,25.3799991607666,25.225000381469727,25.229999542236328,0.0
TY,2020-07-13 15:30:00,25.177200317382812,9005,25.177200317382812,25.020000457763672,25.06999969482422,0.0
TY,2020-07-14 09:30:00,25.049999237060547,0,25.09000015258789,24.950000762939453,25.079999923706055,0.0
TY,2020-07-14 10:30:00,25.108200073242188,7440,25.11910057067871,25.06999969482422,25.11910057067871,0.0
TY,2020-07-14 11:30:00,25.139999389648438,1648,25.139999389648438,25.100000381469727,25.1200008392334,0.0
TY,2020-07-14 12:30:00,25.09000015258789,6542,25.1299991607666,25.09000015258789,25.12529945373535,0.0
TY,2020-07-14 13:30:00,25.06999969482422,11914,25.13990020751953,25.040000915527344,25.135000228881836,0.0
TY,2020-07-14 14:30:00,25.133699417114258,3921,25.18000030517578,25.1299991607666,25.170000076293945,0.0
TY,2020-07-14 15:30:00,25.1299991607666,13443,25.280000686645508,25.1299991607666,25.219999313354492,0.0
TY,2020-07-15 09:30:00,25.43000030517578,0,25.65999984741211,25.43000030517578,25.6299991607666,0.0
TY,2020-07-15 10:30:00,25.6299991607666,10357,25.639999389648438,25.459999084472656,25.4950008392334,0.0
TY,2020-07-15 11:30:00,25.530000686645508,3991,25.530000686645508,25.360000610351562,25.420000076293945,0.0
TY,2020-07-15 12:30:00,25.420000076293945,3333,25.450000762939453,25.38010025024414,25.42799949645996,0.0
TY,2020-07-15 13:30:00,25.489999771118164,5442,25.509899139404297,25.430599212646484,25.471599578857422,0.0
TY,2020-07-15 14:30:00,25.450000762939453,16447,25.506999969482422,25.399999618530273,25.479999542236328,0.0
TY,2020-07-15 15:30:00,25.44729995727539,7980,25.530000686645508,25.44729995727539,25.450000762939453,0.0
TY,2020-07-16 09:30:00,25.329999923706055,0,25.420000076293945,25.329999923706055,25.3700008392334,0.0
TY,2020-07-16 10:30:00,25.420000076293945,9900,25.420000076293945,25.350000381469727,25.420000076293945,0.0
TY,2020-07-16 11:30:00,25.420000076293945,5617,25.420000076293945,25.270000457763672,25.315000534057617,0.0
TY,2020-07-16 12:30:00,25.350000381469727,3491,25.420000076293945,25.29050064086914,25.40999984741211,0.0
TY,2020-07-16 13:30:00,25.40999984741211,5725,25.42009925842285,25.40999984741211,25.42009925842285,0.0
TY,2020-07-16 14:30:00,25.3700008392334,4337,25.420000076293945,25.329999923706055,25.420000076293945,0.0
TY,2020-07-16 15:30:00,25.43000030517578,6171,25.469999313354492,25.399999618530273,25.469999313354492,0.0
TY,2020-07-17 09:30:00,25.469999313354492,0,25.5,25.390300750732422,25.4950008392334,0.0
TY,2020-07-17 10:30:00,25.4950008392334,8442,25.4950008392334,25.40999984741211,25.4552001953125,0.0
TY,2020-07-17 11:30:00,25.479999542236328,6886,25.5231990814209,25.451200485229492,25.52050018310547,0.0
TY,2020-07-17 12:30:00,25.530399322509766,4078,25.53860092163086,25.47010040283203,25.5,0.0
TY,2020-07-17 13:30:00,25.5049991607666,2628,25.5049991607666,25.479999542236328,25.489999771118164,0.0
TY,2020-07-17 14:30:00,25.494400024414062,17045,25.494400024414062,25.40999984741211,25.420000076293945,0.0
TY,2020-07-17 15:30:00,25.420000076293945,10432,25.479999542236328,25.3799991607666,25.399999618530273,0.0
TY,2020-07-20 09:30:00,25.5,0,25.5,25.389999389648438,25.450000762939453,0.0
TY,2020-07-20 10:30:00,25.450000762939453,1604,25.479400634765625,25.447900772094727,25.479400634765625,0.0
TY,2020-07-20 11:30:00,25.46500015258789,4685,25.5,25.420000076293945,25.476699829101562,0.0
TY,2020-07-20 12:30:00,25.46500015258789,2444,25.510000228881836,25.460500717163086,25.476999282836914,0.0
TY,2020-07-20 13:30:00,25.514400482177734,5488,25.524999618530273,25.514400482177734,25.514999389648438,0.0
TY,2020-07-20 14:30:00,25.540000915527344,9897,25.6200008392334,25.540000915527344,25.6200008392334,0.0
TY,2020-07-20 15:30:00,25.625699996948242,2758,25.639999389648438,25.559999465942383,25.579999923706055,0.0
TY,2020-07-21 09:30:00,25.610000610351562,3500,25.739599227905273,25.610000610351562,25.700000762939453,0.0
TY,2020-07-21 10:30:00,25.700000762939453,14871,25.75,25.65999984741211,25.677799224853516,0.0
TY,2020-07-21 11:30:00,25.75079917907715,2972,25.76129913330078,25.700000762939453,25.735000610351562,0.0
TY,2020-07-21 12:30:00,25.700000762939453,5575,25.722200393676758,25.700000762939453,25.702499389648438,0.0
TY,2020-07-21 13:30:00,25.700000762939453,12556,25.709999084472656,25.600000381469727,25.6200008392334,0.0
TY,2020-07-21 14:30:00,25.639999389648438,9241,25.68000030517578,25.6200008392334,25.639999389648438,0.0
TY,2020-07-21 15:30:00,25.670000076293945,9789,25.68000030517578,25.600000381469727,25.600000381469727,0.0
TY,2020-07-22 09:30:00,25.59000015258789,0,25.600000381469727,25.459999084472656,25.540000915527344,0.0
TY,2020-07-22 10:30:00,25.55500030517578,3050,25.59000015258789,25.520000457763672,25.59000015258789,0.0
TY,2020-07-22 11:30:00,25.616500854492188,578,25.616500854492188,25.564300537109375,25.564300537109375,0.0
TY,2020-07-22 12:30:00,25.60919952392578,2250,25.66990089416504,25.60919952392578,25.610000610351562,0.0
TY,2020-07-22 13:30:00,25.61039924621582,15107,25.638999938964844,25.549999237060547,25.625,0.0
TY,2020-07-22 14:30:00,25.606700897216797,8514,25.649999618530273,25.59000015258789,25.59000015258789,0.0
TY,2020-07-22 15:30:00,25.65999984741211,4321,25.65999984741211,25.59000015258789,25.639999389648438,0.0
TY,2020-07-23 09:30:00,25.6200008392334,2630,25.75,25.6200008392334,25.690000534057617,0.0
TY,2020-07-23 10:30:00,25.65999984741211,2234,25.65999984741211,25.60099983215332,25.639999389648438,0.0
TY,2020-07-23 11:30:00,25.639999389648438,8343,25.65999984741211,25.520000457763672,25.5585994720459,0.0
TY,2020-07-23 12:30:00,25.549999237060547,2458,25.600000381469727,25.540000915527344,25.540000915527344,0.0
TY,2020-07-23 13:30:00,25.549999237060547,4059,25.549999237060547,25.389999389648438,25.389999389648438,0.0
TY,2020-07-23 14:30:00,25.420000076293945,8816,25.510000228881836,25.399999618530273,25.43000030517578,0.0
TY,2020-07-23 15:30:00,25.43000030517578,7493,25.459999084472656,25.399999618530273,25.450000762939453,0.0
TY,2020-07-24 09:30:00,25.360000610351562,0,25.360000610351562,25.219999313354492,25.355499267578125,0.0
TY,2020-07-24 10:30:00,25.34000015258789,11066,25.3799991607666,25.240999221801758,25.3799991607666,0.0
TY,2020-07-24 11:30:00,25.3799991607666,3970,25.3799991607666,25.299999237060547,25.34000015258789,0.0
TY,2020-07-24 12:30:00,25.329999923706055,6076,25.349599838256836,25.200000762939453,25.209999084472656,0.0
TY,2020-07-24 13:30:00,25.225000381469727,2952,25.259899139404297,25.200000762939453,25.200000762939453,0.0
TY,2020-07-24 14:30:00,25.229999542236328,3290,25.280000686645508,25.200000762939453,25.260000228881836,0.0
TY,2020-07-24 15:30:00,25.280000686645508,4073,25.309999465942383,25.219999313354492,25.309999465942383,0.0
TY,2020-07-27 09:30:00,25.350000381469727,0,25.459999084472656,25.288000106811523,25.31999969482422,0.0
TY,2020-07-27 10:30:00,25.31999969482422,4604,25.420000076293945,25.31999969482422,25.416400909423828,0.0
TY,2020-07-27 11:30:00,25.3799991607666,4491,25.406400680541992,25.3700008392334,25.3700008392334,0.0
TY,2020-07-27 12:30:00,25.40999984741211,5146,25.450000762939453,25.389999389648438,25.399999618530273,0.0
TY,2020-07-27 13:30:00,25.43000030517578,5904,25.489999771118164,25.414199829101562,25.489999771118164,0.0
TY,2020-07-27 14:30:00,25.5,8613,25.530000686645508,25.459999084472656,25.530000686645508,0.0
TY,2020-07-27 15:30:00,25.55900001525879,9892,25.559999465942383,25.5,25.5,0.0
TY,2020-07-28 09:30:00,25.5,0,25.524999618530273,25.434999465942383,25.46500015258789,0.0
TY,2020-07-28 10:30:00,25.43000030517578,4814,25.5,25.43000030517578,25.479999542236328,0.0
TY,2020-07-28 11:30:00,25.520000457763672,2998,25.520000457763672,25.450000762939453,25.450000762939453,0.0
TY,2020-07-28 12:30:00,25.469999313354492,8670,25.479999542236328,25.399999618530273,25.41010093688965,0.0
TY,2020-07-28 13:30:00,25.458999633789062,5211,25.52989959716797,25.440000534057617,25.465499877929688,0.0
TY,2020-07-28 14:30:00,25.459999084472656,8301,25.557199478149414,25.459999084472656,25.520000457763672,0.0
TY,2020-07-28 15:30:00,25.559999465942383,9534,25.56999969482422,25.479999542236328,25.530000686645508,0.0
TY,2020-07-29 09:30:00,25.559999465942383,0,25.60099983215332,25.530000686645508,25.540000915527344,0.0
TY,2020-07-29 10:30:00,25.600000381469727,2032,25.600000381469727,25.549999237060547,25.573999404907227,0.0
TY,2020-07-29 11:30:00,25.579999923706055,10799,25.600400924682617,25.549999237060547,25.59000015258789,0.0
TY,2020-07-29 12:30:00,25.628599166870117,4139,25.628599166870117,25.549999237060547,25.5939998626709,0.0
TY,2020-07-29 13:30:00,25.5939998626709,1154,25.610000610351562,25.559999465942383,25.579999923706055,0.0
TY,2020-07-29 14:30:00,25.579999923706055,8493,25.726900100708008,25.579999923706055,25.726900100708008,0.0
TY,2020-07-29 15:30:00,25.709999084472656,8910,25.790000915527344,25.690000534057617,25.790000915527344,0.0
TY,2020-07-30 09:30:00,25.649999618530273,6680,25.649999618530273,25.420000076293945,25.5,0.0
TY,2020-07-30 10:30:00,25.450000762939453,10346,25.59910011291504,25.420000076293945,25.520000457763672,0.0
TY,2020-07-30 11:30:00,25.510000228881836,3160,25.612499237060547,25.510000228881836,25.589000701904297,0.0
TY,2020-07-30 12:30:00,25.540000915527344,5405,25.6299991607666,25.530000686645508,25.628000259399414,0.0
TY,2020-07-30 13:30:00,25.65999984741211,7374,25.7189998626709,25.639999389648438,25.7189998626709,0.0
TY,2020-07-30 14:30:00,25.698999404907227,20673,25.850000381469727,25.68000030517578,25.809999465942383,0.0
TY,2020-07-30 15:30:00,25.809999465942383,6864,25.8700008392334,25.799999237060547,25.860000610351562,0.0
TY,2020-07-31 09:30:00,25.989999771118164,4023,25.989999771118164,25.719999313354492,25.77989959716797,0.0
TY,2020-07-31 10:30:00,25.725000381469727,3179,25.734800338745117,25.65999984741211,25.734800338745117,0.0
TY,2020-07-31 11:30:00,25.749900817871094,2964,25.749900817871094,25.666799545288086,25.719999313354492,0.0
TY,2020-07-31 12:30:00,25.670000076293945,1226,25.68000030517578,25.665000915527344,25.665000915527344,0.0
TY,2020-07-31 13:30:00,25.636999130249023,634,25.665000915527344,25.6299991607666,25.6299991607666,0.0
TY,2020-07-31 14:30:00,25.700000762939453,3592,25.759199142456055,25.68000030517578,25.72879981994629,0.0
TY,2020-07-31 15:30:00,25.760000228881836,9488,25.93000030517578,25.719999313354492,25.93000030517578,0.0
TY,2020-08-03 09:30:00,25.90999984741211,0,25.999900817871094,25.89900016784668,25.932199478149414,0.0
TY,2020-08-03 10:30:00,25.918699264526367,4953,26.059999465942383,25.918699264526367,26.016000747680664,0.0
TY,2020-08-03 11:30:00,26.024999618530273,2059,26.042499542236328,26.013599395751953,26.024999618530273,0.0
TY,2020-08-03 12:30:00,25.989999771118164,2598,26.059999465942383,25.989999771118164,26.059999465942383,0.0
TY,2020-08-03 13:30:00,26.08300018310547,1993,26.08300018310547,26.06999969482422,26.079500198364258,0.0
TY,2020-08-03 14:30:00,26.086200714111328,4299,26.190000534057617,26.072099685668945,26.110000610351562,0.0
TY,2020-08-03 15:30:00,26.149999618530273,6979,26.162099838256836,26.09000015258789,26.15999984741211,0.0
TY,2020-08-04 09:30:00,25.979999542236328,5574,26.229999542236328,25.860000610351562,25.959999084472656,0.0
TY,2020-08-04 10:30:00,25.993999481201172,4582,26.143999099731445,25.993999481201172,26.1200008392334,0.0
TY,2020-08-04 11:30:00,26.11240005493164,9917,26.152099609375,26.100000381469727,26.11009979248047,0.0
TY,2020-08-04 12:30:00,26.122900009155273,3646,26.125,26.110000610351562,26.1200008392334,0.0
TY,2020-08-04 13:30:00,26.1299991607666,7359,26.18950080871582,26.1200008392334,26.177900314331055,0.0
TY,2020-08-04 14:30:00,26.145000457763672,11839,26.150800704956055,26.06999969482422,26.149999618530273,0.0
TY,2020-08-04 15:30:00,26.114999771118164,7440,26.190000534057617,26.114999771118164,26.190000534057617,0.0
TY,2020-08-05 09:30:00,26.260000228881836,0,26.280000686645508,26.260000228881836,26.280000686645508,0.0
TY,2020-08-05 10:30:00,26.260000228881836,548,26.299999237060547,26.260000228881836,26.298799514770508,0.0
TY,2020-08-05 11:30:00,26.308000564575195,1710,26.312999725341797,26.258800506591797,26.312999725341797,0.0
TY,2020-08-05 12:30:00,26.299999237060547,1458,26.349899291992188,26.25,26.316499710083008,0.0
TY,2020-08-05 13:30:00,26.2549991607666,2887,26.31920051574707,26.2549991607666,26.272300720214844,0.0
TY,2020-08-05 14:30:00,26.309999465942383,2341,26.309999465942383,26.27079963684082,26.300399780273438,0.0
TY,2020-08-05 15:30:00,26.329999923706055,8703,26.399999618530273,26.280000686645508,26.399999618530273,0.0
TY,2020-08-06 09:30:00,26.329999923706055,0,26.329999923706055,26.1200008392334,26.219999313354492,0.0
TY,2020-08-06 10:30:00,26.200000762939453,7677,26.209999084472656,26.18000030517578,26.190000534057617,0.0
TY,2020-08-06 11:30:00,26.200000762939453,6427,26.259899139404297,26.190000534057617,26.235000610351562,0.0
TY,2020-08-06 12:30:00,26.2549991607666,1152,26.270000457763672,26.2549991607666,26.270000457763672,0.0
TY,2020-08-06 13:30:00,26.281999588012695,11197,26.34000015258789,26.280000686645508,26.319400787353516,0.0
TY,2020-08-06 14:30:00,26.290000915527344,13676,26.405000686645508,26.290000915527344,26.405000686645508,0.0
TY,2020-08-06 15:30:00,26.420000076293945,8021,26.420000076293945,26.360000610351562,26.40999984741211,0.0
TY,2020-08-07 09:30:00,26.239999771118164,0,26.350000381469727,26.239999771118164,26.309999465942383,0.0
TY,2020-08-07 10:30:00,26.34000015258789,8130,26.389999389648438,26.34000015258789,26.389999389648438,0.0
TY,2020-08-07 11:30:00,26.3700008392334,3438,26.420000076293945,26.3700008392334,26.40999984741211,0.0
TY,2020-08-07 12:30:00,26.44099998474121,4884,26.444700241088867,26.420000076293945,26.444700241088867,0.0
TY,2020-08-07 13:30:00,26.47599983215332,4417,26.47599983215332,26.420000076293945,26.450000762939453,0.0
TY,2020-08-07 14:30:00,26.450000762939453,10958,26.459999084472656,26.40999984741211,26.40999984741211,0.0
TY,2020-08-07 15:30:00,26.40999984741211,5849,26.450000762939453,26.399999618530273,26.43000030517578,0.0
TY,2020-08-10 09:30:00,26.450000762939453,0,26.56999969482422,26.3700008392334,26.510000228881836,0.0
TY,2020-08-10 10:30:00,26.510000228881836,6264,26.534000396728516,26.387500762939453,26.489900588989258,0.0
TY,2020-08-10 11:30:00,26.44499969482422,5315,26.46500015258789,26.440000534057617,26.46500015258789,0.0
TY,2020-08-10 12:30:00,26.44930076599121,7425,26.540000915527344,26.417999267578125,26.526899337768555,0.0
TY,2020-08-10 13:30:00,26.469999313354492,11891,26.57430076599121,26.459999084472656,26.460100173950195,0.0
TY,2020-08-10 14:30:00,26.459999084472656,1452,26.588899612426758,26.459999084472656,26.461299896240234,0.0
TY,2020-08-10 15:30:00,26.510000228881836,5820,26.559999465942383,26.479999542236328,26.489999771118164,0.0
TY,2020-08-11 09:30:00,26.639999389648438,0,26.780000686645508,26.639999389648438,26.690000534057617,0.0
TY,2020-08-11 10:30:00,26.691999435424805,2912,26.709999084472656,26.649999618530273,26.709999084472656,0.0
TY,2020-08-11 11:30:00,26.67009925842285,11577,26.690000534057617,26.640100479125977,26.690000534057617,0.0
TY,2020-08-11 12:30:00,26.677799224853516,3157,26.715999603271484,26.67009925842285,26.715999603271484,0.0
TY,2020-08-11 13:30:00,26.701000213623047,16789,26.701000213623047,26.610000610351562,26.620100021362305,0.0
TY,2020-08-11 14:30:00,26.68000030517578,7679,26.68000030517578,26.559999465942383,26.579999923706055,0.0
TY,2020-08-11 15:30:00,26.530000686645508,4599,26.549999237060547,26.469999313354492,26.510000228881836,0.0
TY,2020-08-12 09:30:00,26.59000015258789,0,26.722400665283203,26.59000015258789,26.675100326538086,0.0
TY,2020-08-12 10:30:00,26.75,2964,26.77199935913086,26.75,26.75,0.0
TY,2020-08-12 11:30:00,26.790000915527344,5817,26.799999237060547,26.760000228881836,26.799999237060547,0.0
TY,2020-08-12 12:30:00,26.809999465942383,3691,26.809999465942383,26.74020004272461,26.76799964904785,0.0
TY,2020-08-12 13:30:00,26.774999618530273,10486,26.774999618530273,26.68000030517578,26.68000030517578,0.0
TY,2020-08-12 14:30:00,26.68000030517578,14047,26.82229995727539,26.68000030517578,26.812000274658203,0.0
TY,2020-08-12 15:30:00,26.84000015258789,4820,26.84000015258789,26.799999237060547,26.815000534057617,0.0
TY,2020-08-13 09:30:00,26.790000915527344,0,26.790000915527344,26.729999542236328,26.729999542236328,0.0
TY,2020-08-13 10:30:00,26.729999542236328,8199,26.780000686645508,26.709999084472656,26.7549991607666,0.0
TY,2020-08-13 11:30:00,26.779499053955078,1700,26.779499053955078,26.7549991607666,26.7549991607666,0.0
TY,2020-08-13 12:30:00,26.775100708007812,2816,26.775100708007812,26.75200080871582,26.766799926757812,0.0
TY,2020-08-13 13:30:00,26.729999542236328,7640,26.770000457763672,26.729999542236328,26.739999771118164,0.0
TY,2020-08-13 14:30:00,26.739999771118164,6576,26.780000686645508,26.719999313354492,26.719999313354492,0.0
TY,2020-08-13 15:30:00,26.780000686645508,4630,26.780000686645508,26.729999542236328,26.760000228881836,0.0
TY,2020-08-14 09:30:00,26.65999984741211,0,26.684999465942383,26.65999984741211,26.684999465942383,0.0
TY,2020-08-14 10:30:00,26.70599937438965,1197,26.742000579833984,26.70599937438965,26.739999771118164,0.0
TY,2020-08-14 11:30:00,26.739999771118164,6128,26.780000686645508,26.739999771118164,26.775999069213867,0.0
TY,2020-08-14 12:30:00,26.760000228881836,3401,26.764999389648438,26.760000228881836,26.763900756835938,0.0
TY,2020-08-14 13:30:00,26.767000198364258,15662,26.860000610351562,26.767000198364258,26.809999465942383,0.0
TY,2020-08-14 14:30:00,26.81999969482422,13946,26.82900047302246,26.729999542236328,26.729999542236328,0.0
TY,2020-08-14 15:30:00,26.74810028076172,3465,26.84000015258789,26.74810028076172,26.84000015258789,0.0
TY,2020-08-17 09:30:00,26.81999969482422,0,26.84000015258789,26.709999084472656,26.709999084472656,0.0
TY,2020-08-17 10:30:00,26.795000076293945,8180,26.969999313354492,26.764999389648438,26.93600082397461,0.0
TY,2020-08-17 11:30:00,26.920000076293945,2745,26.989999771118164,26.920000076293945,26.965700149536133,0.0
TY,2020-08-17 12:30:00,26.959999084472656,2682,26.959999084472656,26.940000534057617,26.940000534057617,0.0
TY,2020-08-17 13:30:00,26.92530059814453,10046,26.959999084472656,26.83099937438965,26.83099937438965,0.0
TY,2020-08-17 14:30:00,26.891399383544922,5402,26.899999618530273,26.84000015258789,26.84000015258789,0.0
TY,2020-08-17 15:30:00,26.84000015258789,6339,26.8700008392334,26.829999923706055,26.829999923706055,0.0
TY,2020-08-18 09:30:00,26.84000015258789,0,26.84709930419922,26.829999923706055,26.84000015258789,0.0
TY,2020-08-18 10:30:00,26.844999313354492,5078,26.860000610351562,26.820100784301758,26.84000015258789,0.0
TY,2020-08-18 11:30:00,26.840099334716797,2352,26.89299964904785,26.840099334716797,26.89299964904785,0.0
TY,2020-08-18 12:30:00,26.920000076293945,340,26.920000076293945,26.899999618530273,26.899999618530273,0.0
TY,2020-08-18 13:30:00,26.927400588989258,3766,26.929500579833984,26.899999618530273,26.899999618530273,0.0
TY,2020-08-18 14:30:00,26.899999618530273,6887,26.93899917602539,26.889999389648438,26.895000457763672,0.0
TY,2020-08-18 15:30:00,26.889999389648438,5835,26.922000885009766,26.8700008392334,26.8799991607666,0.0
TY,2020-08-19 09:30:00,26.887699127197266,0,26.959999084472656,26.8799991607666,26.899999618530273,0.0
TY,2020-08-19 10:30:00,26.910999298095703,8321,27.010000228881836,26.90999984741211,26.969999313354492,0.0
TY,2020-08-19 11:30:00,26.997900009155273,1965,27.020000457763672,26.970500946044922,27.0049991607666,0.0
TY,2020-08-19 12:30:00,27.01650047302246,6832,27.049999237060547,26.981000900268555,26.981000900268555,0.0
TY,2020-08-19 13:30:00,27.020000457763672,7804,27.049999237060547,26.989999771118164,26.989999771118164,0.0
TY,2020-08-19 14:30:00,26.97130012512207,9205,26.985000610351562,26.860000610351562,26.860000610351562,0.0
TY,2020-08-19 15:30:00,26.860000610351562,2663,26.8799991607666,26.809999465942383,26.809999465942383,0.0
TY,2020-08-20 09:30:00,26.729999542236328,0,26.860000610351562,26.717199325561523,26.833200454711914,0.0
TY,2020-08-20 10:30:00,26.779699325561523,2771,26.829999923706055,26.779699325561523,26.824399948120117,0.0
TY,2020-08-20 11:30:00,26.84000015258789,6361,26.8700008392334,26.81999969482422,26.823200225830078,0.0
TY,2020-08-20 12:30:00,26.809999465942383,1396,26.815000534057617,26.799999237060547,26.815000534057617,0.0
TY,2020-08-20 13:30:00,26.799999237060547,7079,26.812400817871094,26.760000228881836,26.77400016784668,0.0
TY,2020-08-20 14:30:00,26.780000686645508,3424,26.792999267578125,26.780000686645508,26.780000686645508,0.0
TY,2020-08-20 15:30:00,26.809999465942383,14947,26.85770034790039,26.760000228881836,26.799999237060547,0.0
TY,2020-08-21 09:30:00,26.719999313354492,0,26.739999771118164,26.68000030517578,26.691999435424805,0.0
TY,2020-08-21 10:30:00,26.758100509643555,6382,26.758100509643555,26.690000534057617,26.729999542236328,0.0
TY,2020-08-21 11:30:00,26.729999542236328,1315,26.768299102783203,26.729999542236328,26.768299102783203,0.0
TY,2020-08-21 12:30:00,26.719999313354492,4823,26.75,26.719999313354492,26.739999771118164,0.0
TY,2020-08-21 13:30:00,26.739999771118164,6063,26.746599197387695,26.730100631713867,26.739999771118164,0.0
TY,2020-08-21 14:30:00,26.734100341796875,9205,26.766000747680664,26.734100341796875,26.739999771118164,0.0
TY,2020-08-21 15:30:00,26.77720069885254,2326,26.77720069885254,26.739999771118164,26.760000228881836,0.0
TY,2020-08-24 09:30:00,26.899999618530273,0,26.956199645996094,26.850000381469727,26.956199645996094,0.0
TY,2020-08-24 10:30:00,26.861000061035156,4529,26.959999084472656,26.861000061035156,26.939300537109375,0.0
TY,2020-08-24 11:30:00,26.934999465942383,241,26.934999465942383,26.934999465942383,26.934999465942383,0.0
TY,2020-08-24 12:30:00,26.920000076293945,7508,26.940000534057617,26.920000076293945,26.933500289916992,0.0
TY,2020-08-24 13:30:00,26.924800872802734,2290,26.950000762939453,26.90999984741211,26.940000534057617,0.0
TY,2020-08-24 14:30:00,26.940000534057617,4637,26.976999282836914,26.940000534057617,26.976999282836914,0.0
TY,2020-08-24 15:30:00,26.979900360107422,11288,27.030000686645508,26.975000381469727,27.0,0.0
TY,2020-08-25 09:30:00,27.1200008392334,0,27.1299991607666,26.951400756835938,27.0,0.0
TY,2020-08-25 10:30:00,27.0314998626709,5411,27.05270004272461,26.950000762939453,27.00160026550293,0.0
TY,2020-08-25 11:30:00,27.0,2702,27.0,26.977500915527344,26.977500915527344,0.0
TY,2020-08-25 12:30:00,27.010000228881836,4265,27.020000457763672,26.97010040283203,27.010000228881836,0.0
TY,2020-08-25 13:30:00,27.030000686645508,4167,27.059999465942383,27.030000686645508,27.040000915527344,0.0
TY,2020-08-25 14:30:00,27.059999465942383,2549,27.07040023803711,27.040000915527344,27.040000915527344,0.0
TY,2020-08-25 15:30:00,27.06999969482422,12856,27.06999969482422,27.030000686645508,27.040000915527344,0.0
TY,2020-08-26 09:30:00,27.110000610351562,0,27.1299991607666,26.959999084472656,27.059999465942383,0.0
TY,2020-08-26 10:30:00,27.079999923706055,9252,27.110000610351562,27.020000457763672,27.037500381469727,0.0
TY,2020-08-26 11:30:00,27.020000457763672,5197,27.1200008392334,26.979999542236328,27.117399215698242,0.0
TY,2020-08-26 12:30:00,27.139999389648438,8067,27.139999389648438,27.092199325561523,27.110000610351562,0.0
TY,2020-08-26 13:30:00,27.100000381469727,8464,27.139999389648438,27.100000381469727,27.121000289916992,0.0
TY,2020-08-26 14:30:00,27.138999938964844,11391,27.138999938964844,27.09000015258789,27.09000015258789,0.0
TY,2020-08-26 15:30:00,27.09000015258789,6212,27.1299991607666,27.06999969482422,27.06999969482422,0.0
TY,2020-08-27 09:30:00,27.049999237060547,0,27.18899917602539,27.049999237060547,27.18899917602539,0.0
TY,2020-08-27 10:30:00,27.190000534057617,10866,27.229999542236328,27.1466007232666,27.190000534057617,0.0
TY,2020-08-27 11:30:00,27.209999084472656,8940,27.229999542236328,27.079999923706055,27.120100021362305,0.0
TY,2020-08-27 12:30:00,27.079999923706055,8300,27.100000381469727,27.05900001525879,27.06999969482422,0.0
TY,2020-08-27 13:30:00,27.075000762939453,4498,27.132999420166016,27.059999465942383,27.132999420166016,0.0
TY,2020-08-27 14:30:00,27.1299991607666,5721,27.1299991607666,27.079999923706055,27.125,0.0
TY,2020-08-27 15:30:00,27.125,7168,27.15999984741211,27.010000228881836,27.020000457763672,0.0
TY,2020-08-28 09:30:00,27.08930015563965,0,27.09980010986328,27.020000457763672,27.09980010986328,0.0
TY,2020-08-28 10:30:00,27.05500030517578,4825,27.124399185180664,27.05500030517578,27.124399185180664,0.0
TY,2020-08-28 11:30:00,27.11240005493164,1573,27.139999389648438,27.11240005493164,27.139999389648438,0.0
TY,2020-08-28 12:30:00,27.159900665283203,4585,27.190000534057617,27.149999618530273,27.165000915527344,0.0
TY,2020-08-28 13:30:00,27.149700164794922,5590,27.190000534057617,27.1299991607666,27.190000534057617,0.0
TY,2020-08-28 14:30:00,27.18000030517578,4857,27.219999313354492,27.18000030517578,27.18000030517578,0.0
TY,2020-08-28 15:30:00,27.209999084472656,9710,27.229999542236328,27.139999389648438,27.139999389648438,0.0
TY,2020-08-31 09:30:00,27.100000381469727,0,27.213600158691406,27.100000381469727,27.190000534057617,0.0
TY,2020-08-31 10:30:00,27.163700103759766,2153,27.200000762939453,27.1299991607666,27.1299991607666,0.0
TY,2020-08-31 11:30:00,27.149999618530273,4177,27.189899444580078,27.1299991607666,27.170000076293945,0.0
TY,2020-08-31 12:30:00,27.163999557495117,5446,27.270000457763672,27.139999389648438,27.25,0.0
TY,2020-08-31 13:30:00,27.23419952392578,12089,27.329999923706055,27.233999252319336,27.329999923706055,0.0
TY,2020-08-31 14:30:00,27.233600616455078,13848,27.309999465942383,27.184999465942383,27.204999923706055,0.0
TY,2020-08-31 15:30:00,27.204999923706055,14595,27.25,27.110000610351562,27.1200008392334,0.0
TY,2020-09-01 09:30:00,27.030000686645508,0,27.1875,27.030000686645508,27.149999618530273,0.0
TY,2020-09-01 10:30:00,27.149999618530273,3615,27.25,27.1299991607666,27.236400604248047,0.0
TY,2020-09-01 11:30:00,27.25,1240,27.25,27.25,27.25,0.0
TY,2020-09-01 12:30:00,27.210100173950195,4163,27.22130012512207,27.209999084472656,27.22130012512207,0.0
TY,2020-09-01 13:30:00,27.229999542236328,19921,27.240699768066406,27.075000762939453,27.200000762939453,0.0
TY,2020-09-01 14:30:00,27.163999557495117,4263,27.199899673461914,27.15999984741211,27.174999237060547,0.0
TY,2020-09-01 15:30:00,27.190000534057617,3407,27.200000762939453,27.139999389648438,27.139999389648438,0.0
TY,2020-09-02 09:30:00,27.09000015258789,0,27.288000106811523,27.09000015258789,27.225000381469727,0.0
TY,2020-09-02 10:30:00,27.25,4481,27.25,27.190000534057617,27.190000534057617,0.0
TY,2020-09-02 11:30:00,27.209999084472656,8363,27.25,27.18000030517578,27.25,0.0
TY,2020-09-02 12:30:00,27.260000228881836,7207,27.280000686645508,27.200000762939453,27.270200729370117,0.0
TY,2020-09-02 13:30:00,27.290000915527344,11828,27.31999969482422,27.270000457763672,27.299999237060547,0.0
TY,2020-09-02 14:30:00,27.316999435424805,13596,27.3700008392334,27.270000457763672,27.3700008392334,0.0
TY,2020-09-02 15:30:00,27.389999389648438,7872,27.420000076293945,27.31999969482422,27.329999923706055,0.0
TY,2020-09-03 09:30:00,27.18000030517578,5389,27.215999603271484,27.149999618530273,27.149999618530273,0.0
TY,2020-09-03 10:30:00,27.18000030517578,15786,27.190000534057617,26.790000915527344,26.81999969482422,0.0
TY,2020-09-03 11:30:00,26.739999771118164,4021,26.899999618530273,26.719999313354492,26.8700008392334,0.0
TY,2020-09-03 12:30:00,26.885400772094727,3726,26.885400772094727,26.68000030517578,26.729999542236328,0.0
TY,2020-09-03 13:30:00,26.729999542236328,12129,26.729999542236328,26.610000610351562,26.729999542236328,0.0
TY,2020-09-03 14:30:00,26.709999084472656,17178,26.780000686645508,26.510000228881836,26.579999923706055,0.0
TY,2020-09-03 15:30:00,26.584999084472656,8759,26.690000534057617,26.545000076293945,26.690000534057617,0.0
TY,2020-09-04 09:30:00,26.549999237060547,8329,26.850000381469727,26.40999984741211,26.40999984741211,0.0
TY,2020-09-04 10:30:00,26.229999542236328,7654,26.229999542236328,26.110000610351562,26.149999618530273,0.0
TY,2020-09-04 11:30:00,26.104999542236328,10698,26.280000686645508,26.104999542236328,26.257200241088867,0.0
TY,2020-09-04 12:30:00,26.360000610351562,4548,26.40130043029785,26.290000915527344,26.290000915527344,0.0
TY,2020-09-04 13:30:00,26.280000686645508,4287,26.360000610351562,26.260000228881836,26.350000381469727,0.0
TY,2020-09-04 14:30:00,26.450000762939453,6120,26.613000869750977,26.450000762939453,26.600000381469727,0.0
TY,2020-09-04 15:30:00,26.600000381469727,7639,26.610000610351562,26.40999984741211,26.450000762939453,0.0
